data;horario;n_da_ocorrencia;tipo_de_ocorrencia;km;trecho;sentido;tipo_de_acidente;automovel;bicicleta;caminhao;moto;onibus;outros;tracao_animal;transporte_de_cargas_especiais;trator_maquinas;utilitarios;ilesos;levemente_feridos;moderadamente_feridos;gravemente_feridos;mortos
"17/04/2024";"05:03:00";"30";"Com vítima";"81,920";"BR-277/PR";"Crescente";"Colisão lateral no mesmo sentido";1;0;0;1;0;0;0;0;0;0;1;0;1;0;0
"17/04/2024";"05:04:35";"31";"Com vítima";"74,560";"BR-277/PR";"Decrescente";"Queda de moto";0;0;0;1;0;0;0;0;0;0;0;0;1;0;0
"17/04/2024";"11:43:56";"120";"Sem vítima";"32,320";"BR-277/PR";"Decrescente";"Colisão transversal";2;0;0;0;0;0;0;0;0;0;2;0;0;0;0
"17/04/2024";"09:03:38";"1";"Sem vítima";"74,800";"BR-277/PR";"Decrescente";"Colisão traseira";2;0;0;0;0;0;0;0;0;0;4;0;0;0;0
"17/04/2024";"11:56:00";"18";"Sem vítima";"3,610";"BR-277/PR";"Crescente";"Colisão transversal";1;0;1;0;0;0;0;0;0;0;2;0;0;0;0
"18/04/2024";"08:46:00";"101";"Sem vítima";"26,980";"BR-277/PR";"Decrescente";"Saída de pista";1;0;0;0;0;0;0;0;0;0;1;0;0;0;0
"18/04/2024";"01:03:33";"125";"Sem vítima";"37,100";"BR-153/PR";"Crescente";"Colisão traseira";0;0;1;0;1;0;0;0;0;0;1;0;0;0;0
"18/04/2024";"02:30:39";"135";"Com vítima";"82,200";"BR-277/PR";"Decrescente";"Engavetamento";1;0;0;2;0;0;0;0;0;0;1;4;0;0;0
"18/04/2024";"02:33:59";"137";"Sem vítima";"291,800";"151/PR";"Decrescente";"Colisão traseira";1;0;1;0;0;0;0;0;0;0;2;0;0;0;0
"18/04/2024";"03:29:51";"144";"Sem vítima";"5,500";"BR-277/PR";"Crescente";"Engavetamento";2;0;1;0;0;0;0;0;0;0;3;0;0;0;0
"18/04/2024";"04:19:41";"151";"Com vítima";"37,698";"BR-153/PR";"Crescente";"Queda de moto";0;0;0;1;0;0;0;0;0;0;0;0;1;0;0
"18/04/2024";"05:35:00";"162";"Com vítima";"1,220";"BR-277/PR";"Crescente";"Colisão transversal";1;1;0;0;0;0;0;0;0;0;0;1;0;0;1
"19/04/2024";"05:45:27";"53";"Sem vítima";"314,015";"151/PR";"Decrescente";"Choque";1;0;0;0;0;0;0;0;0;0;1;0;0;0;0
"19/04/2024";"07:00:51";"78";"Sem vítima";"17,960";"BR-277/PR";"Decrescente";"Colisão lateral no mesmo sentido";0;0;1;0;0;0;0;0;0;1;2;0;0;0;0
"19/04/2024";"07:04:45";"79";"Sem vítima";"76,000";"BR-369/PR";"Crescente";"Colisão lateral no mesmo sentido";2;0;0;0;0;0;0;0;0;0;2;0;0;0;0
"19/04/2024";"08:25:00";"109";"Sem vítima";"83,085";"BR-277/PR";"Decrescente";"Engavetamento";3;0;0;0;0;0;0;0;0;0;3;0;0;0;0
"19/04/2024";"08:51:18";"115";"Com vítima";"83,760";"BR-277/PR";"Decrescente";"Colisão traseira";1;0;0;1;0;0;0;0;0;0;1;0;0;1;0
"19/04/2024";"09:35:08";"122";"Sem vítima";"83,640";"BR-369/PR";"Decrescente";"Saída de pista";1;0;0;0;0;0;0;0;0;0;1;0;0;0;0
"19/04/2024";"01:18:02";"149";"Com vítima";"259,950";"151/PR";"Decrescente";"Tombamento";0;0;1;0;0;0;0;0;0;0;0;0;1;0;0
"19/04/2024";"03:09:00";"161";"Sem vítima";"35,100";"BR-153/PR";"Crescente";"Colisão traseira";2;0;0;0;0;0;0;0;0;0;2;0;0;0;0
"19/04/2024";"03:19:13";"162";"Com vítima";"310,100";"151/PR";"Decrescente";"Queda de moto";0;0;0;1;0;0;0;0;0;0;0;1;0;0;0
"19/04/2024";"04:20:40";"171";"Sem vítima";"39,150";"BR-153/PR";"Decrescente";"Colisão lateral no mesmo sentido";1;0;1;0;0;0;0;0;0;0;2;0;0;0;0
"19/04/2024";"04:23:38";"172";"Sem vítima";"306,400";"151/PR";"Decrescente";"Saída de pista";1;0;0;0;0;0;0;0;0;0;1;0;0;0;0
"19/04/2024";"07:04:14";"197";"Sem vítima";"0,410";"407/PR";"Decrescente";"Choque";1;0;0;0;0;0;0;0;0;0;4;0;0;0;0
"20/04/2024";"03:06:55";"19";"Com vítima";"315,350";"151/PR";"Decrescente";"Colisão traseira";0;0;2;0;0;0;0;0;0;0;1;0;0;1;0
"20/04/2024";"06:24:47";"41";"Com vítima";"59,975";"BR-277/PR";"Decrescente";"Queda de moto";0;0;0;1;0;0;0;0;0;0;0;0;1;0;0
"20/04/2024";"09:24:00";"72";"Com vítima";"42,984";"BR-277/PR";"Decrescente";"Colisão traseira";0;0;1;1;0;0;0;0;0;0;1;0;1;0;0
"20/04/2024";"10:50:56";"83";"Sem vítima";"60,250";"BR-277/PR";"Decrescente";"Colisão lateral no mesmo sentido";1;0;1;0;0;0;0;0;0;0;2;0;0;0;0
"20/04/2024";"11:14:00";"86";"Com vítima";"80,200";"BR-277/PR";"Decrescente";"Colisão lateral no mesmo sentido";0;0;1;1;0;0;0;0;0;0;1;0;1;0;0
"20/04/2024";"11:15:00";"87";"Com vítima";"288,100";"151/PR";"Crescente";"Colisão traseira";2;0;0;0;0;0;0;0;0;0;2;1;0;0;0
"20/04/2024";"03:05:00";"122";"Com vítima";"74,100";"BR-277/PR";"Crescente";"Queda de moto";0;0;0;1;0;0;0;0;0;0;1;1;0;0;0
"20/04/2024";"10:15:07";"10";"Com vítima";"317,772";"151/PR";"Crescente";"Colisão frontal";2;0;0;0;0;0;0;0;0;0;0;1;1;1;0
"21/04/2024";"02:59:00";"22";"Com vítima";"79,810";"BR-277/PR";"Decrescente";"Colisão lateral no mesmo sentido";1;0;0;1;0;0;0;0;0;0;1;0;1;0;0
"21/04/2024";"05:33:46";"38";"Com vítima";"33,370";"BR-277/PR";"Crescente";"Queda de moto";0;0;0;1;0;0;0;0;0;0;0;1;0;0;0
"21/04/2024";"07:35:00";"74";"Com vítima";"6,350";"508/PR";"Crescente";"Queda de moto";0;0;0;1;0;0;0;0;0;0;0;1;1;0;0
"21/04/2024";"08:52:49";"88";"Sem vítima";"43,600";"BR-153/PR";"Crescente";"Colisão lateral no mesmo sentido";0;0;1;0;0;0;0;0;0;1;3;0;0;0;0
"21/04/2024";"01:05:00";"123";"Sem vítima";"0,015";"508/PR";"Decrescente";"Colisão lateral no mesmo sentido";0;0;0;2;0;0;0;0;0;0;2;0;0;0;0
"21/04/2024";"03:24:00";"151";"Com vítima";"27,100";"BR-277/PR";"Decrescente";"Queda de moto";0;0;0;1;0;0;0;0;0;0;0;1;0;0;0
"21/04/2024";"03:56:04";"156";"Sem vítima";"17,100";"508/PR";"Decrescente";"Atropelamento de animal";3;0;0;0;0;0;0;0;0;0;3;0;0;0;0
"21/04/2024";"04:04:42";"159";"Sem vítima";"75,100";"BR-277/PR";"Crescente";"Colisão traseira";2;0;0;0;0;0;0;0;0;0;2;0;0;0;0
"21/04/2024";"04:33:00";"164";"Com vítima";"73,319";"BR-369/PR";"Crescente";"Atropelamento de pedestre";1;0;0;0;0;0;0;0;0;0;1;1;0;1;0
"21/04/2024";"06:39:00";"182";"Com vítima";"69,438";"BR-277/PR";"Decrescente";"Choque";1;0;0;0;0;0;0;0;0;0;0;1;0;0;0
"22/04/2024";"04:01:57";"29";"Sem vítima";"78,159";"BR-277/PR";"Crescente";"Colisão traseira";2;0;0;0;0;0;0;0;0;0;3;0;0;0;0
"22/04/2024";"04:09:07";"31";"Com vítima";"42,500";"BR-153/PR";"Decrescente";"Queda de moto";0;0;0;1;0;0;0;0;0;0;0;1;0;0;0
"22/04/2024";"01:26:19";"163";"Com vítima";"82,840";"BR-277/PR";"Crescente";"Queda de moto";0;0;0;1;0;0;0;0;0;0;1;1;0;0;0
"22/04/2024";"04:04:12";"184";"Com vítima";"70,880";"BR-277/PR";"Decrescente";"Colisão frontal";1;1;0;0;0;0;0;0;0;0;1;0;1;0;0
"23/04/2024";"04:32:50";"33";"Com vítima";"42,440";"BR-277/PR";"Decrescente";"Choque";1;0;0;0;0;0;0;0;0;0;0;1;0;0;0
"23/04/2024";"12:50:42";"149";"Sem vítima";"317,120";"151/PR";"Crescente";"Colisão lateral no mesmo sentido";1;0;1;0;0;0;0;0;0;0;2;0;0;0;0
"24/04/2024";"03:58:02";"23";"Com vítima";"6,150";"BR-277/PR";"Decrescente";"Colisão traseira";2;0;0;0;0;0;0;0;0;0;1;2;0;0;0
"24/04/2024";"06:08:23";"57";"Com vítima";"81,454";"BR-369/PR";"Decrescente";"Colisão frontal";1;0;0;0;0;0;0;0;0;1;0;0;1;2;1
"24/04/2024";"08:06:12";"97";"Sem vítima";"3,600";"BR-277/PR";"Crescente";"Colisão lateral no mesmo sentido";0;0;1;1;0;0;0;0;0;0;2;0;0;0;0
"24/04/2024";"11:34:47";"134";"Sem vítima";"64,100";"BR-277/PR";"Decrescente";"Saída de pista";0;0;0;0;0;0;0;0;0;1;1;0;0;0;0
"24/04/2024";"12:01:18";"137";"Sem vítima";"78,700";"BR-277/PR";"Decrescente";"Colisão lateral no mesmo sentido";0;0;0;2;0;0;0;0;0;0;2;0;0;0;0
"24/04/2024";"03:22:00";"159";"Com vítima";"72,110";"BR-277/PR";"Decrescente";"Colisão frontal";0;1;0;1;0;0;0;0;0;0;1;1;0;0;0
"24/04/2024";"08:49:00";"189";"Sem vítima";"77,060";"BR-277/PR";"Decrescente";"Atropelamento de animal";0;0;0;1;0;0;0;0;0;0;1;0;0;0;0
"24/04/2024";"09:47:46";"4";"Sem vítima";"311,510";"151/PR";"Decrescente";"Choque";0;0;1;0;0;0;0;0;0;0;1;0;0;0;0
"25/04/2024";"02:26:00";"17";"Sem vítima";"33,100";"BR-277/PR";"Decrescente";"Choque";0;1;0;0;0;0;0;0;0;0;1;0;0;0;0
"25/04/2024";"04:18:13";"25";"Sem vítima";"19,600";"508/PR";"Decrescente";"Capotamento";0;0;0;0;0;0;0;0;0;1;1;0;0;0;0
"25/04/2024";"04:23:19";"26";"Sem vítima";"305,018";"151/PR";"Crescente";"Capotamento";1;0;0;0;0;0;0;0;0;0;5;0;0;0;0
"25/04/2024";"06:56:37";"62";"Com vítima";"176,600";"151/PR";"Decrescente";"Colisão traseira";0;0;1;0;0;0;0;0;0;0;1;0;0;1;0
"25/04/2024";"06:57:50";"59";"Com vítima";"36,100";"BR-277/PR";"Decrescente";"Capotamento";1;0;1;0;0;0;0;0;0;0;1;2;0;0;0
"25/04/2024";"07:00:04";"64";"Sem vítima";"62,250";"BR-277/PR";"Crescente";"Colisão traseira";2;0;0;0;0;0;0;0;0;0;2;0;0;0;0
"25/04/2024";"07:05:42";"67";"Sem vítima";"40,450";"BR-277/PR";"Crescente";"Choque";1;0;0;0;0;0;0;0;0;0;1;0;0;0;0
"25/04/2024";"12:46:35";"115";"Sem vítima";"43,150";"BR-277/PR";"Crescente";"Colisão traseira";2;0;0;0;0;0;0;0;0;0;2;0;0;0;0
"25/04/2024";"09:40:00";"6";"Sem vítima";"59,159";"BR-277/PR";"Crescente";"Choque";0;0;1;0;0;0;0;0;0;0;1;0;0;0;0
"26/04/2024";"12:02:33";"11";"Sem vítima";"264,100";"151/PR";"Crescente";"Choque";1;0;0;0;0;0;0;0;0;0;1;0;0;0;0
"26/04/2024";"07:35:31";"91";"Sem vítima";"41,750";"BR-369/PR";"Crescente";"Colisão traseira";1;0;0;0;0;0;0;0;0;1;3;0;0;0;0
"26/04/2024";"10:55:56";"125";"Sem vítima";"59,500";"BR-277/PR";"Decrescente";"Colisão lateral no mesmo sentido";1;0;0;0;0;0;0;0;0;1;2;0;0;0;0
"26/04/2024";"11:36:33";"131";"Com vítima";"31,800";"BR-277/PR";"Decrescente";"Engavetamento";1;0;2;0;0;0;0;0;0;1;4;4;1;0;0
"26/04/2024";"11:51:00";"132";"Sem vítima";"43,510";"BR-277/PR";"Crescente";"Choque";1;0;0;0;0;0;0;0;0;0;1;0;0;0;0
"26/04/2024";"12:05:00";"134";"Com vítima";"66,200";"BR-277/PR";"Crescente";"Colisão traseira";0;0;0;1;0;0;0;0;0;0;0;0;0;1;0
"26/04/2024";"03:59:39";"156";"Com vítima";"3,100";"BR-277/PR";"Decrescente";"Colisão transversal";0;0;1;1;0;0;0;0;0;0;1;1;1;0;0
"27/04/2024";"02:49:37";"33";"Com vítima";"28,569";"BR-153/PR";"Crescente";"Choque";1;0;0;0;0;0;0;0;0;0;0;1;0;0;0
"27/04/2024";"03:24:00";"35";"Sem vítima";"276,120";"151/PR";"Crescente";"Saída de pista";1;0;0;0;0;0;0;0;0;0;1;0;0;0;0
"27/04/2024";"06:35:00";"76";"Sem vítima";"75,880";"BR-277/PR";"Decrescente";"Colisão traseira";0;0;0;0;0;0;0;0;0;2;2;0;0;0;0
"27/04/2024";"10:23:16";"116";"Com vítima";"13,820";"508/PR";"Crescente";"Queda de moto";0;0;0;1;0;0;0;0;0;0;1;1;0;0;0
"27/04/2024";"06:32:24";"187";"Com vítima";"292,010";"151/PR";"Decrescente";"Choque";1;0;0;0;0;0;0;0;0;0;0;1;0;0;0
"27/04/2024";"06:49:09";"191";"Com vítima";"24,500";"BR-153/PR";"Crescente";"Colisão transversal";1;0;1;0;0;0;0;0;0;0;0;1;3;0;0
"27/04/2024";"07:47:19";"197";"Com vítima";"11,700";"407/PR";"Crescente";"Colisão frontal";2;0;0;0;0;0;0;0;0;0;0;0;0;1;3
"27/04/2024";"08:57:00";"201";"Com vítima";"217,190";"151/PR";"Decrescente";"Colisão traseira";0;0;1;1;0;0;0;0;0;0;1;0;0;0;1
"28/04/2024";"10:16:02";"68";"Com vítima";"36,300";"BR-277/PR";"Crescente";"Capotamento";1;0;0;0;0;0;0;0;0;0;2;1;0;0;0
"28/04/2024";"11:12:29";"73";"Sem vítima";"31,800";"BR-277/PR";"Decrescente";"Saída de pista";1;0;0;0;0;0;0;0;0;0;1;0;0;0;0
"28/04/2024";"12:44:00";"89";"Sem vítima";"33,140";"BR-277/PR";"Crescente";"Colisão lateral no mesmo sentido";1;0;0;1;0;0;0;0;0;0;6;0;0;0;0
"28/04/2024";"01:26:32";"95";"Sem vítima";"33,360";"BR-277/PR";"Crescente";"Choque";1;0;0;0;0;0;0;0;0;0;3;0;0;0;0
"28/04/2024";"02:47:31";"109";"Com vítima";"54,150";"BR-277/PR";"Crescente";"Choque";1;0;0;0;0;0;0;0;0;0;3;0;2;0;0
"28/04/2024";"03:09:00";"113";"Sem vítima";"54,500";"BR-277/PR";"Decrescente";"Choque";1;0;0;0;0;0;0;0;0;0;1;0;0;0;0
"28/04/2024";"03:43:40";"121";"Sem vítima";"31,900";"BR-277/PR";"Decrescente";"Saída de pista";1;0;0;0;0;0;0;0;0;0;5;0;0;0;0
"28/04/2024";"05:03:00";"130";"Com vítima";"31,900";"BR-277/PR";"Decrescente";"Colisão lateral no mesmo sentido";1;0;0;1;0;0;0;0;0;0;2;1;0;0;0
"28/04/2024";"05:17:40";"135";"Sem vítima";"17,800";"BR-153/PR";"Decrescente";"Colisão transversal";2;0;0;0;0;0;0;0;0;0;0;0;0;0;0
"28/04/2024";"07:10:53";"144";"Com vítima";"65,800";"BR-277/PR";"Crescente";"Queda de moto";0;0;0;1;0;0;0;0;0;0;1;0;1;0;0
"28/04/2024";"08:36:38";"152";"Sem vítima";"51,004";"BR-369/PR";"Decrescente";"Capotamento";1;0;0;0;0;0;0;0;0;0;1;0;0;0;0
"28/04/2024";"09:45:05";"11";"Sem vítima";"73,800";"BR-277/PR";"Crescente";"Colisão traseira";2;0;0;0;0;0;0;0;0;0;2;0;0;0;0
"29/04/2024";"03:24:08";"22";"Com vítima";"305,400";"151/PR";"Crescente";"Queda de moto";0;0;0;1;0;0;0;0;0;0;0;1;0;0;0
"29/04/2024";"11:20:43";"134";"Sem vítima";"23,110";"BR-369/PR";"Crescente";"Colisão lateral no mesmo sentido";0;0;2;0;0;0;0;0;0;0;2;0;0;0;0
"29/04/2024";"04:04:12";"169";"Com vítima";"303,250";"151/PR";"Crescente";"Colisão traseira";1;0;1;0;0;0;0;0;0;0;1;0;0;1;0
"29/04/2024";"04:13:23";"173";"Com vítima";"303,250";"151/PR";"Crescente";"Colisão lateral no mesmo sentido";0;0;1;1;0;0;0;0;0;0;1;0;0;1;0
"29/04/2024";"06:48:13";"187";"Com vítima";"75,100";"BR-277/PR";"Crescente";"Choque";1;0;0;0;0;0;0;0;0;0;0;1;0;0;0
"29/04/2024";"07:23:12";"190";"Sem vítima";"75,050";"BR-277/PR";"Crescente";"Queda de moto";0;0;0;1;0;0;0;0;0;0;0;0;0;0;0
"29/04/2024";"09:33:03";"6";"Com vítima";"286,100";"151/PR";"Decrescente";"Queda de moto";0;0;0;1;0;0;0;0;0;0;0;1;0;0;0
"30/04/2024";"01:50:06";"19";"Sem vítima";"22,100";"BR-153/PR";"Crescente";"Tombamento";0;0;1;0;0;0;0;0;0;0;2;0;0;0;0
"30/04/2024";"07:56:21";"104";"Sem vítima";"39,600";"BR-277/PR";"Decrescente";"Choque";0;0;1;0;0;0;0;0;0;0;1;0;0;0;0
"30/04/2024";"11:10:19";"139";"Com vítima";"296,500";"151/PR";"Decrescente";"Queda de moto";0;0;0;1;0;0;0;0;0;0;1;1;0;0;0
"30/04/2024";"03:22:00";"167";"Com vítima";"81,110";"BR-277/PR";"Crescente";"Colisão lateral no mesmo sentido";2;0;0;1;0;0;0;0;0;0;2;1;0;0;0
"30/04/2024";"03:40:00";"171";"Com vítima";"1,110";"407/PR";"Decrescente";"Colisão traseira";1;0;0;1;0;0;0;0;0;0;1;0;1;0;0
"30/04/2024";"03:57:33";"173";"Com vítima";"15,100";"408/PR";"Crescente";"Queda de moto";0;0;0;1;0;0;0;0;0;0;0;2;0;0;0
"01/05/2024";"05:37:33";"42";"Com vítima";"11,550";"407/PR";"Crescente";"Colisão frontal";1;0;1;0;0;0;0;0;0;0;0;3;0;0;3
"01/05/2024";"09:05:49";"70";"Com vítima";"70,300";"BR-277/PR";"Crescente";"Capotamento";1;0;0;0;0;0;0;0;0;0;0;4;2;0;0
"01/05/2024";"09:30:01";"73";"Sem vítima";"69,120";"BR-277/PR";"Crescente";"Colisão traseira";2;0;0;0;0;0;0;0;0;0;2;0;0;0;0
"01/05/2024";"01:47:26";"109";"Com vítima";"5,100";"239/PR";"Decrescente";"Tombamento";0;0;1;0;0;0;0;0;0;0;0;1;0;0;0
"01/05/2024";"01:54:36";"110";"Com vítima";"39,120";"BR-277/PR";"Crescente";"Queda de moto";0;0;0;1;0;0;0;0;0;0;0;2;0;0;0
"01/05/2024";"04:49:54";"140";"Sem vítima";"77,500";"BR-277/PR";"Decrescente";"Colisão traseira";1;0;0;1;0;0;0;0;0;0;2;0;0;0;0
"01/05/2024";"05:11:24";"145";"Sem vítima";"10,300";"BR-277/PR";"Crescente";"Engavetamento";2;0;1;0;0;0;0;0;0;0;4;0;0;0;0
"01/05/2024";"08:39:30";"167";"Com vítima";"259,950";"151/PR";"Crescente";"Tombamento";0;0;1;0;0;0;0;0;0;0;0;1;0;0;0
"02/05/2024";"06:40:16";"68";"Sem vítima";"60,200";"BR-277/PR";"Crescente";"Colisão traseira";1;0;1;0;0;0;0;0;0;0;2;0;0;0;0
"02/05/2024";"08:28:02";"85";"Sem vítima";"60,250";"BR-277/PR";"Crescente";"Colisão traseira";0;0;2;0;0;0;0;0;0;0;0;0;0;0;0
"02/05/2024";"08:44:22";"89";"Sem vítima";"24,120";"BR-277/PR";"Crescente";"Capotamento";1;0;0;0;0;0;0;0;0;0;2;0;0;0;0
"02/05/2024";"11:46:37";"123";"Sem vítima";"47,120";"BR-277/PR";"Crescente";"Colisão traseira";1;0;0;0;0;0;0;0;0;1;2;0;0;0;0
"02/05/2024";"08:15:00";"169";"Sem vítima";"70,100";"BR-277/PR";"Decrescente";"Choque";1;0;0;0;0;0;0;0;0;0;1;0;0;0;0
"02/05/2024";"08:23:00";"170";"Com vítima";"12,224";"BR-153/PR";"Crescente";"Colisão frontal";1;0;1;0;0;0;0;0;0;0;1;0;0;0;1
"03/05/2024";"06:01:37";"73";"Com vítima";"259,680";"151/PR";"Crescente";"Tombamento";0;0;1;0;0;0;0;0;0;0;0;2;0;0;0
"03/05/2024";"02:49:46";"177";"Com vítima";"19,010";"408/PR";"Decrescente";"Colisão frontal";2;0;0;0;0;0;0;0;0;0;0;3;1;0;0
"03/05/2024";"04:14:00";"190";"Com vítima";"63,100";"BR-277/PR";"Crescente";"Capotamento";2;0;0;0;0;0;0;0;0;0;1;1;0;0;0
"04/05/2024";"06:03:00";"48";"Com vítima";"10,232";"BR-277/PR";"Decrescente";"Queda de moto";0;0;0;1;0;0;0;0;0;0;1;1;0;0;0
"04/05/2024";"07:06:04";"68";"Sem vítima";"73,359";"BR-277/PR";"Decrescente";"Queda de moto";0;0;0;1;0;0;0;0;0;0;2;0;0;0;0
"04/05/2024";"11:25:00";"113";"Com vítima";"18,500";"BR-277/PR";"Decrescente";"Colisão traseira";1;0;1;0;0;0;0;0;0;0;1;0;1;0;0
"04/05/2024";"03:25:55";"147";"Com vítima";"85,500";"BR-369/PR";"Crescente";"Colisão transversal";2;0;0;0;0;0;0;0;0;0;1;1;0;0;0
"05/05/2024";"12:22:00";"17";"Sem vítima";"75,120";"BR-277/PR";"Decrescente";"Choque";1;0;0;0;0;0;0;0;0;0;2;0;0;0;0
"05/05/2024";"03:11:00";"28";"Sem vítima";"294,500";"151/PR";"Decrescente";"Choque";1;0;0;0;0;0;0;0;0;0;1;0;0;0;0
"05/05/2024";"03:31:16";"30";"Com vítima";"82,340";"BR-277/PR";"Crescente";"Capotamento";1;0;0;0;0;0;0;0;0;0;0;0;1;0;0
"05/05/2024";"08:48:00";"71";"Com vítima";"37,610";"BR-277/PR";"Decrescente";"Choque";1;0;0;0;0;0;0;0;0;0;0;3;0;0;0
"05/05/2024";"10:37:38";"81";"Sem vítima";"35,300";"BR-277/PR";"Decrescente";"Colisão lateral no mesmo sentido";1;0;1;0;0;0;0;0;0;0;0;0;0;0;0
"05/05/2024";"03:19:34";"132";"Sem vítima";"63,700";"BR-369/PR";"Crescente";"Colisão traseira";1;0;0;0;0;0;0;0;0;0;1;0;0;0;0
"06/05/2024";"04:36:06";"41";"Sem vítima";"86,100";"BR-369/PR";"Decrescente";"Colisão lateral no mesmo sentido";1;0;1;0;0;0;0;0;0;0;3;0;0;0;0
"06/05/2024";"08:12:50";"98";"Sem vítima";"42,050";"BR-277/PR";"Decrescente";"Colisão lateral no mesmo sentido";1;0;1;0;0;0;0;0;0;0;2;0;0;0;0
"06/05/2024";"01:11:30";"140";"Sem vítima";"32,700";"BR-153/PR";"Decrescente";"Tombamento";0;0;1;0;0;0;0;0;0;0;1;0;0;0;0
"06/05/2024";"03:43:32";"155";"Com vítima";"76,100";"BR-277/PR";"Crescente";"Colisão lateral no mesmo sentido";2;0;0;1;0;0;0;0;0;0;2;1;0;0;0
"06/05/2024";"05:14:04";"171";"Sem vítima";"311,200";"151/PR";"Crescente";"Colisão traseira";1;0;0;1;0;0;0;0;0;0;1;0;0;0;0
"06/05/2024";"07:47:00";"178";"Com vítima";"83,200";"BR-277/PR";"Crescente";"Colisão lateral no mesmo sentido";1;0;0;1;0;0;0;0;0;0;1;0;1;0;0
"07/05/2024";"09:39:10";"111";"Sem vítima";"4,350";"239/PR";"Decrescente";"Tombamento";0;0;1;0;0;0;0;0;0;0;1;0;0;0;0
"08/05/2024";"03:17:00";"172";"Com vítima";"70,950";"BR-277/PR";"Decrescente";"Atropelamento de pedestre";0;0;0;1;0;0;0;0;0;0;0;1;0;0;0
"08/05/2024";"03:37:25";"177";"Sem vítima";"14,010";"BR-277/PR";"Crescente";"Saída de pista";1;0;0;0;0;0;0;0;0;0;1;0;0;0;0
"08/05/2024";"06:45:55";"194";"Sem vítima";"3,110";"BR-277/PR";"Decrescente";"Choque";1;0;0;0;0;0;0;0;0;0;1;0;0;0;0
"09/05/2024";"04:40:48";"58";"Com vítima";"75,510";"BR-277/PR";"Crescente";"Colisão traseira";1;0;0;1;0;0;0;0;0;0;2;0;0;1;0
"09/05/2024";"05:35:49";"81";"Sem vítima";"5,300";"BR-277/PR";"Decrescente";"Colisão lateral no mesmo sentido";2;0;1;0;0;0;0;0;0;0;5;0;0;0;0
"09/05/2024";"11:10:46";"155";"Sem vítima";"75,500";"BR-277/PR";"Decrescente";"Choque";0;0;0;0;0;0;0;0;0;1;1;0;0;0;0
"09/05/2024";"12:18:17";"165";"Com vítima";"70,740";"BR-277/PR";"Decrescente";"Choque";1;0;0;0;0;0;0;0;0;0;0;1;1;0;0
"09/05/2024";"03:12:42";"187";"Com vítima";"18,100";"407/PR";"Decrescente";"Queda de moto";0;0;0;1;0;0;0;0;0;0;0;1;0;0;0
"09/05/2024";"04:32:00";"200";"Sem vítima";"39,200";"BR-277/PR";"Crescente";"Saída de pista";0;0;1;0;0;0;0;0;0;0;1;0;0;0;0
"10/05/2024";"10:02:55";"126";"Sem vítima";"80,360";"BR-277/PR";"Decrescente";"Colisão traseira";2;0;0;0;0;0;0;0;0;0;2;0;0;0;0
"10/05/2024";"12:27:23";"159";"Sem vítima";"251,200";"151/PR";"Crescente";"Tombamento";0;0;1;0;0;0;0;0;0;0;1;0;0;0;0
"10/05/2024";"04:12:59";"193";"Com vítima";"81,500";"BR-277/PR";"Decrescente";"Colisão lateral no mesmo sentido";1;0;0;1;0;0;0;0;0;0;1;0;1;0;0
"10/05/2024";"04:42:35";"200";"Sem vítima";"64,100";"BR-277/PR";"Crescente";"Queda de moto";0;0;0;1;0;0;0;0;0;0;1;0;0;0;0
"10/05/2024";"08:21:00";"222";"Sem vítima";"25,235";"BR-277/PR";"Crescente";"Choque";1;0;0;0;0;0;0;0;0;0;0;0;0;0;0
"10/05/2024";"09:44:29";"10";"Sem vítima";"45,494";"BR-153/PR";"Crescente";"Choque";1;0;0;0;0;0;0;0;0;0;2;0;0;0;0
"11/05/2024";"02:16:27";"24";"Sem vítima";"249,110";"151/PR";"Decrescente";"Choque";1;0;0;0;0;0;0;0;0;0;1;0;0;0;0
"11/05/2024";"03:31:00";"28";"Com vítima";"1,850";"BR-153/PR";"Crescente";"Choque";0;0;0;1;0;0;0;0;0;0;0;0;1;0;0
"11/05/2024";"09:02:16";"119";"Sem vítima";"21,120";"BR-369/PR";"Crescente";"Colisão traseira";2;0;0;0;0;0;0;0;0;0;3;0;0;0;0
"11/05/2024";"03:47:00";"187";"Sem vítima";"0,050";"407/PR";"Decrescente";"Choque";1;0;0;0;0;0;0;0;0;0;3;0;0;0;0
"11/05/2024";"04:32:14";"196";"Com vítima";"48,100";"BR-153/PR";"Crescente";"Colisão lateral no mesmo sentido";1;1;0;0;0;0;0;0;0;0;2;0;1;0;0
"11/05/2024";"09:57:00";"12";"Sem vítima";"4,500";"508/PR";"Crescente";"Choque";1;0;0;0;0;0;0;0;0;0;1;0;0;0;0