data;horario;n_da_ocorrencia;tipo_de_ocorrencia;km;trecho;sentido;tipo_de_acidente;automovel;bicicleta;caminhao;moto;onibus;outros;tracao_animal;transporte_de_cargas_especiais;trator_maquinas;utilitarios;ilesos;levemente_feridos;moderadamente_feridos;gravemente_feridos;mortos
"11/05/2024";"10:28:08";"14";"Sem vítima";"77,815";"BR-277/PR";"Crescente";"Colisão lateral no mesmo sentido";2;0;0;0;0;0;0;0;0;0;4;0;0;0;0
"12/05/2024";"02:22:04";"25";"Sem vítima";"4,863";"BR-277/PR";"Crescente";"Tombamento";0;0;1;0;0;0;0;0;0;0;2;0;0;0;0
"12/05/2024";"03:09:51";"27";"Sem vítima";"314,010";"151/PR";"Decrescente";"Capotamento";1;0;0;0;0;0;0;0;0;0;1;0;0;0;0
"12/05/2024";"04:18:10";"32";"Sem vítima";"16,120";"508/PR";"Crescente";"Capotamento";1;0;0;0;0;0;0;0;0;0;2;0;0;0;0
"12/05/2024";"05:06:42";"39";"Com vítima";"72,120";"BR-277/PR";"Decrescente";"Queda de moto";0;0;0;1;0;0;0;0;0;0;0;2;0;0;0
"12/05/2024";"05:50:54";"49";"Com vítima";"40,072";"BR-277/PR";"Crescente";"Queda de moto";0;0;0;1;0;0;0;0;0;0;0;0;1;0;0
"12/05/2024";"11:48:59";"103";"Com vítima";"241,100";"151/PR";"Crescente";"Capotamento";1;0;0;0;0;0;0;0;0;0;0;2;2;1;0
"12/05/2024";"02:38:47";"130";"Com vítima";"19,100";"BR-369/PR";"Decrescente";"Queda de moto";0;0;0;1;0;0;0;0;0;0;0;0;1;0;0
"12/05/2024";"03:51:30";"140";"Sem vítima";"73,800";"BR-277/PR";"Crescente";"Colisão traseira";2;0;0;0;0;0;0;0;0;0;3;0;0;0;0
"12/05/2024";"04:53:14";"149";"Sem vítima";"36,800";"BR-277/PR";"Decrescente";"Saída de pista";1;0;0;0;0;0;0;0;0;0;1;0;0;0;0
"12/05/2024";"10:24:42";"16";"Sem vítima";"36,300";"BR-277/PR";"Decrescente";"Choque";1;0;0;0;0;0;0;0;0;0;1;0;0;0;0
"13/05/2024";"05:28:08";"67";"Sem vítima";"38,100";"BR-277/PR";"Decrescente";"Tombamento";0;0;1;0;0;0;0;0;0;0;0;0;0;0;0
"13/05/2024";"05:41:55";"70";"Com vítima";"33,620";"BR-277/PR";"Decrescente";"Tombamento";0;0;1;0;0;0;0;0;0;0;0;1;0;0;0
"13/05/2024";"09:24:37";"123";"Sem vítima";"215,750";"151/PR";"Decrescente";"Colisão transversal";1;0;1;0;0;0;0;0;0;0;2;0;0;0;0
"13/05/2024";"09:43:00";"131";"Com vítima";"1,010";"BR-277/PR";"Decrescente";"Queda de moto";0;0;0;1;0;0;0;0;0;0;0;1;0;0;0
"13/05/2024";"09:43:00";"135";"Com vítima";"1,010";"BR-277/PR";"Decrescente";"Queda de moto";0;0;0;1;0;0;0;0;0;0;0;1;0;0;0
"13/05/2024";"03:31:21";"172";"Com vítima";"2,350";"BR-277/PR";"Decrescente";"Colisão lateral no mesmo sentido";0;1;0;0;0;0;0;0;0;0;0;0;0;1;0
"13/05/2024";"03:35:47";"173";"Sem vítima";"224,800";"151/PR";"Decrescente";"Colisão lateral no mesmo sentido";0;0;1;0;0;0;0;0;0;0;1;0;0;0;0
"14/05/2024";"03:07:00";"25";"Sem vítima";"1,650";"BR-153/PR";"Crescente";"Tombamento";0;0;1;0;0;0;0;0;0;0;1;0;0;0;0
"14/05/2024";"05:36:24";"70";"Com vítima";"33,220";"BR-277/PR";"Crescente";"Choque";1;0;0;0;0;0;0;0;0;0;0;2;0;0;0
"14/05/2024";"05:38:08";"71";"Sem vítima";"32,556";"BR-277/PR";"Crescente";"Saída de pista";0;0;0;0;0;0;0;0;0;1;1;0;0;0;0
"14/05/2024";"08:54:37";"133";"Com vítima";"32,230";"BR-277/PR";"Crescente";"Tombamento";0;0;1;0;0;0;0;0;0;0;0;0;1;0;0
"14/05/2024";"01:00:00";"167";"Sem vítima";"1,010";"408/PR";"Decrescente";"Capotamento";0;0;0;0;0;0;0;0;0;1;1;0;0;0;0
"14/05/2024";"02:03:55";"178";"Sem vítima";"315,180";"151/PR";"Decrescente";"Colisão traseira";1;0;0;0;0;0;0;0;0;1;2;0;0;0;0
"14/05/2024";"02:14:43";"183";"Sem vítima";"315,180";"151/PR";"Crescente";"Colisão traseira";2;0;0;0;0;0;0;0;0;0;2;0;0;0;0
"14/05/2024";"03:28:29";"189";"Sem vítima";"73,100";"BR-277/PR";"Crescente";"Saída de pista";1;0;0;0;0;0;0;0;0;0;1;0;0;0;0
"14/05/2024";"03:31:29";"190";"Com vítima";"36,100";"BR-277/PR";"Decrescente";"Capotamento";1;0;0;0;0;0;0;0;0;0;0;2;0;0;0
"14/05/2024";"04:47:00";"199";"Sem vítima";"30,900";"BR-277/PR";"Decrescente";"Choque";1;0;0;0;0;0;0;0;0;0;1;0;0;0;0
"14/05/2024";"07:12:30";"214";"Sem vítima";"10,800";"BR-277/PR";"Decrescente";"Tombamento";0;0;1;0;0;0;0;0;0;0;1;0;0;0;0
"14/05/2024";"08:30:00";"219";"Sem vítima";"78,100";"BR-277/PR";"Decrescente";"Colisão traseira";1;0;1;0;0;0;0;0;0;0;2;0;0;0;0
"15/05/2024";"05:14:00";"68";"Com vítima";"305,400";"151/PR";"Crescente";"Capotamento";1;0;0;0;0;0;0;0;0;0;0;2;0;0;0
"15/05/2024";"06:20:51";"82";"Sem vítima";"81,500";"BR-277/PR";"Crescente";"Colisão lateral no mesmo sentido";1;0;0;1;0;0;0;0;0;0;1;0;0;0;0
"15/05/2024";"06:54:43";"92";"Sem vítima";"40,860";"BR-277/PR";"Decrescente";"Choque";0;0;1;0;0;0;0;0;0;0;1;0;0;0;0
"15/05/2024";"07:20:55";"97";"Sem vítima";"22,700";"BR-277/PR";"Crescente";"Colisão lateral no mesmo sentido";1;0;1;0;0;0;0;0;0;0;6;0;0;0;0
"15/05/2024";"09:55:36";"119";"Com vítima";"196,120";"151/PR";"Decrescente";"Capotamento";1;0;0;0;0;0;0;0;0;0;0;2;0;0;0
"15/05/2024";"10:19:50";"122";"Sem vítima";"31,100";"BR-153/PR";"Crescente";"Colisão lateral no mesmo sentido";0;0;3;0;0;0;0;0;0;0;3;0;0;0;0
"15/05/2024";"11:22:08";"126";"Com vítima";"282,200";"151/PR";"Crescente";"Capotamento";1;0;0;0;0;0;0;0;0;0;0;3;0;0;0
"15/05/2024";"12:25:46";"131";"Sem vítima";"180,830";"151/PR";"Decrescente";"Choque";1;0;0;0;0;0;0;0;0;0;0;0;0;0;0
"15/05/2024";"03:01:31";"148";"Com vítima";"83,500";"BR-277/PR";"Decrescente";"Colisão lateral no mesmo sentido";1;0;0;1;0;0;0;0;0;0;1;0;1;0;0
"15/05/2024";"10:52:00";"26";"Com vítima";"6,801";"239/PR";"Decrescente";"Tombamento";0;0;1;0;0;0;0;0;0;0;0;0;1;0;0
"16/05/2024";"07:44:26";"125";"Sem vítima";"5,143";"BR-277/PR";"Crescente";"Engavetamento";0;0;3;0;0;0;0;0;0;0;3;0;0;0;0
"16/05/2024";"07:58:00";"128";"Com vítima";"19,120";"BR-153/PR";"Decrescente";"Engavetamento";0;0;0;1;0;0;0;0;0;2;0;5;0;0;0
"16/05/2024";"10:14:48";"137";"Sem vítima";"259,260";"151/PR";"Crescente";"Tombamento";0;0;1;0;0;0;0;0;0;0;1;0;0;0;0
"16/05/2024";"11:09:00";"144";"Com vítima";"297,126";"151/PR";"Decrescente";"Colisão transversal";2;0;0;0;0;0;0;0;0;0;2;1;0;0;0
"16/05/2024";"01:45:07";"161";"Com vítima";"9,100";"411/PR";"Decrescente";"Atropelamento de animal";0;0;0;1;0;0;0;0;0;0;0;1;0;0;0
"16/05/2024";"03:51:13";"177";"Com vítima";"86,730";"BR-369/PR";"Decrescente";"Colisão lateral no mesmo sentido";2;0;0;0;0;0;0;0;0;0;1;1;0;0;0
"17/05/2024";"04:28:57";"55";"Sem vítima";"79,040";"BR-369/PR";"Crescente";"Colisão lateral no mesmo sentido";2;0;0;0;0;0;0;0;0;0;2;0;0;0;0
"17/05/2024";"05:30:26";"80";"Com vítima";"81,080";"BR-277/PR";"Crescente";"Engavetamento";3;0;0;1;0;0;0;0;0;0;0;2;1;0;0
"17/05/2024";"07:01:59";"113";"Sem vítima";"11,080";"239/PR";"Decrescente";"Tombamento";0;0;1;0;0;0;0;0;0;0;1;0;0;0;0
"17/05/2024";"10:13:49";"145";"Com vítima";"317,400";"151/PR";"Decrescente";"Atropelamento de pedestre";1;0;1;0;0;0;0;0;0;0;1;0;0;0;1
"17/05/2024";"03:43:00";"176";"Sem vítima";"12,280";"239/PR";"Crescente";"Colisão transversal";2;0;0;0;0;0;0;0;0;0;2;0;0;0;0
"17/05/2024";"04:17:21";"183";"Sem vítima";"66,458";"BR-277/PR";"Crescente";"Choque";1;0;0;0;0;0;0;0;0;0;2;0;0;0;0
"17/05/2024";"04:20:00";"184";"Com vítima";"260,080";"151/PR";"Crescente";"Tombamento";1;0;1;0;0;0;0;0;0;0;1;0;0;0;1
"17/05/2024";"04:28:00";"185";"Com vítima";"83,900";"BR-277/PR";"Decrescente";"Colisão traseira";1;0;0;1;0;0;0;0;0;0;1;1;0;0;0
"17/05/2024";"04:58:00";"188";"Sem vítima";"36,800";"BR-277/PR";"Decrescente";"Choque";1;0;0;0;0;0;0;0;0;0;1;0;0;0;0
"17/05/2024";"05:27:35";"189";"Com vítima";"188,900";"151/PR";"Decrescente";"Colisão transversal";2;0;0;0;0;0;0;0;0;0;5;1;0;0;0
"17/05/2024";"05:50:20";"190";"Sem vítima";"1,746";"855/PR";"Decrescente";"Tombamento";0;0;1;0;0;0;0;0;0;0;1;0;0;0;0
"17/05/2024";"07:39:00";"197";"Sem vítima";"25,200";"BR-277/PR";"Crescente";"Saída de pista";0;0;1;0;0;0;0;0;0;0;1;0;0;0;0
"17/05/2024";"09:05:34";"2";"Sem vítima";"318,010";"151/PR";"Decrescente";"Choque";1;0;0;0;0;0;0;0;0;0;1;0;0;0;0
"18/05/2024";"12:14:37";"21";"Sem vítima";"294,600";"151/PR";"Crescente";"Colisão traseira";2;0;0;0;0;0;0;0;0;0;2;0;0;0;0
"18/05/2024";"02:17:27";"27";"Com vítima";"81,010";"BR-277/PR";"Decrescente";"Capotamento";1;0;0;0;0;0;0;0;0;0;0;0;2;0;0
"18/05/2024";"02:47:44";"31";"Sem vítima";"295,870";"151/PR";"Decrescente";"Choque";1;0;0;0;0;0;0;0;0;0;1;0;0;0;0
"18/05/2024";"02:49:00";"32";"Sem vítima";"58,100";"BR-277/PR";"Decrescente";"Choque";1;0;0;0;0;0;0;0;0;0;2;0;0;0;0
"18/05/2024";"03:27:33";"36";"Sem vítima";"8,980";"BR-277/PR";"Decrescente";"Tombamento";0;0;1;0;0;0;0;0;0;0;1;0;0;0;0
"18/05/2024";"04:09:00";"39";"Sem vítima";"316,482";"151/PR";"Decrescente";"Capotamento";1;0;0;0;0;0;0;0;0;0;1;0;0;0;0
"18/05/2024";"05:03:19";"52";"Sem vítima";"67,450";"BR-277/PR";"Crescente";"Colisão traseira";2;0;0;0;0;0;0;0;0;0;2;0;0;0;0
"18/05/2024";"05:22:24";"56";"Sem vítima";"67,422";"BR-277/PR";"Crescente";"Choque";0;0;1;0;0;0;0;0;0;0;1;0;0;0;0
"18/05/2024";"07:51:51";"77";"Sem vítima";"44,200";"BR-277/PR";"Decrescente";"Choque";1;0;0;0;0;0;0;0;0;0;3;0;0;0;0
"18/05/2024";"12:57:33";"116";"Sem vítima";"61,850";"BR-277/PR";"Crescente";"Saída de pista";1;0;0;0;0;0;0;0;0;0;1;0;0;0;0
"18/05/2024";"03:20:00";"126";"Com vítima";"33,500";"BR-277/PR";"Decrescente";"Queda de moto";0;0;0;1;0;0;0;0;0;0;1;0;1;0;0
"18/05/2024";"03:43:47";"132";"Com vítima";"3,100";"BR-277/PR";"Crescente";"Colisão traseira";1;0;0;1;0;0;0;0;0;0;1;1;0;0;0
"18/05/2024";"08:55:06";"153";"Com vítima";"61,010";"BR-277/PR";"Decrescente";"Atropelamento de pedestre";0;0;0;0;0;0;0;0;0;0;0;1;0;0;0
"18/05/2024";"10:02:26";"14";"Com vítima";"226,900";"151/PR";"Decrescente";"Atropelamento de pedestre";0;0;1;0;0;0;0;0;0;0;1;0;0;0;1
"18/05/2024";"11:38:56";"22";"Sem vítima";"289,500";"151/PR";"Decrescente";"Choque";1;0;0;0;0;0;0;0;0;0;1;0;0;0;0
"19/05/2024";"02:06:00";"29";"Sem vítima";"8,200";"BR-277/PR";"Crescente";"Choque";1;0;0;0;0;0;0;0;0;0;1;0;0;0;0
"19/05/2024";"07:11:11";"48";"Sem vítima";"19,459";"BR-153/PR";"Crescente";"Tombamento";0;0;1;0;0;0;0;0;0;0;1;0;0;0;0
"19/05/2024";"10:21:00";"65";"Sem vítima";"256,500";"151/PR";"Crescente";"Choque";1;0;0;0;0;0;0;0;0;0;1;0;0;0;0
"19/05/2024";"03:23:25";"105";"Com vítima";"86,183";"BR-369/PR";"Decrescente";"Colisão transversal";1;0;0;0;0;0;0;0;0;1;2;1;0;0;0
"19/05/2024";"10:39:25";"18";"Sem vítima";"257,100";"151/PR";"Crescente";"Choque";1;0;0;0;0;0;0;0;0;0;2;0;0;0;0
"20/05/2024";"04:04:00";"35";"Com vítima";"11,200";"407/PR";"Decrescente";"Colisão lateral no mesmo sentido";1;0;0;1;0;0;0;0;0;0;1;0;1;0;0
"20/05/2024";"12:37:04";"155";"Sem vítima";"277,400";"151/PR";"Decrescente";"Choque";1;0;0;0;0;0;0;0;0;0;4;0;0;0;0
"20/05/2024";"01:10:54";"163";"Com vítima";"275,700";"151/PR";"Crescente";"Saída de pista";0;0;1;0;0;0;0;0;0;0;0;1;0;0;0
"21/05/2024";"03:47:00";"28";"Sem vítima";"43,980";"BR-277/PR";"Crescente";"Saída de pista";0;0;1;0;0;0;0;0;0;0;1;0;0;0;0
"21/05/2024";"05:54:11";"75";"Sem vítima";"185,400";"151/PR";"Decrescente";"Saída de pista";0;0;1;0;0;0;0;0;0;0;1;0;0;0;0
"21/05/2024";"07:05:44";"93";"Sem vítima";"4,600";"855/PR";"Crescente";"Colisão transversal";0;0;0;0;0;0;0;0;0;2;3;0;0;0;0
"21/05/2024";"11:13:23";"143";"Sem vítima";"80,400";"BR-277/PR";"Crescente";"Colisão traseira";2;0;0;0;0;0;0;0;0;0;2;0;0;0;0
"21/05/2024";"01:20:00";"165";"Com vítima";"1,744";"411/PR";"Decrescente";"Colisão transversal";1;0;0;1;0;0;0;0;0;0;1;0;1;1;0
"21/05/2024";"04:27:06";"192";"Com vítima";"19,610";"BR-277/PR";"Crescente";"Colisão traseira";0;0;2;0;0;0;0;0;0;0;1;0;1;0;0
"21/05/2024";"08:51:25";"216";"Sem vítima";"37,050";"BR-153/PR";"Crescente";"Atropelamento de animal";0;0;0;0;1;0;0;0;0;0;1;0;0;0;0
"22/05/2024";"03:28:44";"30";"Sem vítima";"43,200";"BR-277/PR";"Decrescente";"Choque";0;0;1;0;0;0;0;0;0;0;2;0;0;0;0
"22/05/2024";"05:24:00";"65";"Com vítima";"80,223";"BR-277/PR";"Crescente";"Colisão lateral no mesmo sentido";1;0;0;2;0;0;0;0;0;0;2;1;1;0;0
"22/05/2024";"05:28:00";"67";"Com vítima";"81,211";"BR-277/PR";"Crescente";"Colisão traseira";1;0;0;2;0;0;0;0;0;0;1;1;1;0;0
"22/05/2024";"08:23:09";"130";"Sem vítima";"60,250";"BR-277/PR";"Crescente";"Colisão traseira";1;0;1;0;0;0;0;0;0;0;2;0;0;0;0
"22/05/2024";"11:41:42";"158";"Sem vítima";"271,100";"151/PR";"Crescente";"Saída de pista";1;0;0;0;0;0;0;0;0;0;1;0;0;0;0
"22/05/2024";"03:20:30";"197";"Com vítima";"74,900";"BR-277/PR";"Decrescente";"Colisão traseira";1;0;0;1;0;0;0;0;0;0;1;1;0;0;0
"22/05/2024";"04:35:00";"211";"Com vítima";"65,800";"BR-277/PR";"Decrescente";"Choque";1;0;0;0;0;0;0;0;0;0;0;1;0;0;0
"22/05/2024";"11:04:00";"18";"Com vítima";"20,228";"BR-153/PR";"Decrescente";"Colisão traseira";1;0;0;1;0;0;0;0;0;0;1;1;0;0;0
"23/05/2024";"12:15:30";"161";"Com vítima";"63,119";"BR-277/PR";"Decrescente";"Capotamento";1;0;0;0;0;0;0;0;0;0;0;4;0;0;0
"23/05/2024";"03:46:00";"188";"Com vítima";"69,500";"BR-277/PR";"Crescente";"Engavetamento";3;0;0;0;0;0;0;0;0;0;3;1;0;0;0
"23/05/2024";"04:56:15";"197";"Com vítima";"71,720";"BR-277/PR";"Decrescente";"Colisão traseira";2;0;0;0;0;0;0;0;0;0;0;2;0;0;0
"23/05/2024";"05:10:44";"198";"Com vítima";"31,620";"BR-153/PR";"Crescente";"Colisão transversal";1;0;1;0;0;0;0;0;0;0;1;0;0;1;0
"24/05/2024";"04:03:52";"26";"Sem vítima";"281,900";"151/PR";"Crescente";"Saída de pista";1;0;0;0;0;0;0;0;0;0;1;0;0;0;0
"24/05/2024";"04:28:00";"41";"Com vítima";"76,800";"BR-277/PR";"Crescente";"Colisão lateral no mesmo sentido";1;0;0;1;0;0;0;0;0;0;3;1;0;0;0
"24/05/2024";"04:37:15";"50";"Sem vítima";"285,050";"151/PR";"Crescente";"Colisão transversal";1;0;0;0;0;0;0;0;0;1;3;0;0;0;0
"24/05/2024";"05:19:04";"64";"Com vítima";"78,050";"BR-277/PR";"Crescente";"Colisão lateral no mesmo sentido";0;0;0;2;0;0;0;0;0;0;0;2;0;0;0
"24/05/2024";"06:00:00";"72";"Com vítima";"23,700";"BR-153/PR";"Decrescente";"Colisão traseira";2;0;0;0;0;0;0;0;0;0;1;1;0;0;0
"24/05/2024";"07:21:17";"84";"Sem vítima";"41,990";"BR-277/PR";"Decrescente";"Colisão traseira";0;0;2;0;0;0;0;0;0;1;5;0;0;0;0
"24/05/2024";"12:22:00";"133";"Com vítima";"81,527";"BR-277/PR";"Decrescente";"Queda de moto";0;0;0;1;0;1;0;0;0;0;0;0;1;0;0
"24/05/2024";"01:54:49";"141";"Sem vítima";"81,530";"BR-277/PR";"Decrescente";"Colisão traseira";1;0;0;1;0;0;0;0;0;0;3;0;0;0;0
"24/05/2024";"03:58:01";"155";"Sem vítima";"39,100";"BR-277/PR";"Crescente";"Colisão traseira";1;0;0;0;0;0;0;0;0;0;1;0;0;0;0
"24/05/2024";"05:14:00";"167";"Sem vítima";"29,300";"BR-277/PR";"Decrescente";"Saída de pista";1;0;0;0;0;0;0;0;0;0;1;0;0;0;0
"25/05/2024";"02:58:00";"21";"Sem vítima";"5,009";"407/PR";"Crescente";"Saída de pista";1;0;0;0;0;0;0;0;0;0;3;0;0;0;0
"25/05/2024";"05:59:00";"50";"Sem vítima";"65,120";"BR-277/PR";"Crescente";"Colisão traseira";2;0;0;0;0;0;0;0;0;0;2;0;0;0;0
"25/05/2024";"10:26:50";"91";"Sem vítima";"51,900";"BR-277/PR";"Crescente";"Colisão lateral no mesmo sentido";1;0;1;0;0;0;0;0;0;0;4;0;0;0;0
"25/05/2024";"02:40:55";"120";"Com vítima";"11,120";"407/PR";"Decrescente";"Colisão traseira";0;0;0;1;0;0;0;0;0;1;1;1;0;1;0
"25/05/2024";"05:55:55";"143";"Sem vítima";"3,500";"BR-277/PR";"Decrescente";"Colisão lateral no mesmo sentido";1;0;1;0;0;0;0;0;0;0;2;0;0;0;0
"25/05/2024";"06:43:57";"146";"Sem vítima";"61,220";"BR-277/PR";"Decrescente";"Saída de pista";1;0;0;0;0;0;0;0;0;0;1;0;0;0;0
"25/05/2024";"06:50:01";"147";"Com vítima";"71,950";"BR-277/PR";"Crescente";"Colisão lateral no mesmo sentido";2;0;0;0;0;0;0;0;0;0;3;4;0;0;0
"26/05/2024";"12:38:00";"23";"Com vítima";"75,119";"BR-277/PR";"Crescente";"Choque";1;0;0;1;0;0;0;0;0;0;1;1;0;0;0
"26/05/2024";"12:38:28";"25";"Com vítima";"75,120";"BR-277/PR";"Crescente";"Queda de moto";0;0;0;1;0;0;0;0;0;0;0;1;0;0;0
"26/05/2024";"01:54:00";"26";"Sem vítima";"76,800";"BR-277/PR";"Crescente";"Choque";1;0;0;0;0;0;0;0;0;0;1;0;0;0;0
"26/05/2024";"03:40:19";"32";"Sem vítima";"42,980";"BR-277/PR";"Crescente";"Choque";0;0;0;0;0;0;0;0;0;1;2;0;0;0;0
"26/05/2024";"04:15:00";"35";"Sem vítima";"301,070";"151/PR";"Decrescente";"Choque";1;0;0;0;0;0;0;0;0;0;1;0;0;0;0
"26/05/2024";"05:51:55";"45";"Sem vítima";"36,400";"BR-277/PR";"Decrescente";"Choque";1;0;0;0;0;0;0;0;0;0;5;0;0;0;0
"26/05/2024";"10:27:38";"100";"Com vítima";"22,092";"BR-153/PR";"Decrescente";"Tombamento";0;0;1;0;0;0;0;0;0;0;0;0;1;0;0
"26/05/2024";"11:49:43";"108";"Com vítima";"306,900";"151/PR";"Crescente";"Capotamento";1;0;0;0;0;0;0;0;0;0;0;3;0;0;0
"26/05/2024";"03:19:25";"128";"Com vítima";"83,590";"BR-277/PR";"Crescente";"Choque";1;0;0;0;0;0;0;0;0;0;0;1;0;0;0
"26/05/2024";"03:20:00";"129";"Sem vítima";"294,840";"151/PR";"Crescente";"Saída de pista";1;0;0;0;0;0;0;0;0;0;1;0;0;0;0
"26/05/2024";"04:33:43";"141";"Sem vítima";"310,600";"151/PR";"Crescente";"Colisão lateral no mesmo sentido";1;0;1;0;0;0;0;0;0;0;2;0;0;0;0
"26/05/2024";"05:52:00";"149";"Sem vítima";"13,100";"BR-277/PR";"Crescente";"Choque";1;0;0;0;0;0;0;0;0;0;1;0;0;0;0
"26/05/2024";"05:52:00";"150";"Com vítima";"65,950";"BR-369/PR";"Crescente";"Colisão traseira";2;0;0;0;0;0;0;0;0;0;3;1;0;0;0
"27/05/2024";"03:59:37";"27";"Sem vítima";"66,158";"BR-369/PR";"Decrescente";"Atropelamento de animal";1;0;0;0;0;0;0;0;0;0;2;0;0;0;0
"27/05/2024";"09:42:36";"86";"Com vítima";"16,778";"BR-153/PR";"Decrescente";"Choque";0;0;1;0;0;0;0;0;0;0;0;1;0;0;0
"27/05/2024";"01:35:18";"110";"Com vítima";"229,750";"151/PR";"Decrescente";"Colisão transversal";1;0;0;0;0;0;0;0;0;1;1;0;2;0;0
"27/05/2024";"02:26:48";"115";"Sem vítima";"4,150";"BR-277/PR";"Crescente";"Colisão traseira";0;0;1;0;1;0;0;0;0;0;3;0;0;0;0
"27/05/2024";"03:34:00";"123";"Sem vítima";"75,200";"BR-277/PR";"Decrescente";"Saída de pista";1;0;0;0;0;0;0;0;0;0;1;0;0;0;0
"27/05/2024";"04:40:23";"131";"Sem vítima";"282,100";"151/PR";"Decrescente";"Saída de pista";1;0;0;0;0;0;0;0;0;0;1;0;0;0;0
"27/05/2024";"08:14:30";"149";"Sem vítima";"15,556";"BR-277/PR";"Decrescente";"Choque";0;0;1;0;0;0;0;0;0;0;1;0;0;0;0
"27/05/2024";"09:21:04";"5";"Sem vítima";"81,100";"BR-277/PR";"Decrescente";"Capotamento";1;0;0;0;0;0;0;0;0;0;2;0;0;0;0
"28/05/2024";"05:28:35";"61";"Sem vítima";"42,216";"BR-153/PR";"Crescente";"Colisão traseira";1;0;0;0;0;0;0;0;0;1;2;0;0;0;0
"28/05/2024";"02:41:00";"174";"Sem vítima";"75,100";"BR-277/PR";"Crescente";"Colisão traseira";2;0;0;0;0;0;0;0;0;0;3;0;0;0;0
"28/05/2024";"03:30:47";"178";"Sem vítima";"75,100";"BR-277/PR";"Decrescente";"Engavetamento";3;0;0;0;0;0;0;0;0;0;3;0;0;0;0
"29/05/2024";"03:59:58";"37";"Com vítima";"79,600";"BR-277/PR";"Crescente";"Engavetamento";2;0;0;1;0;0;0;0;0;0;3;0;1;0;0
"29/05/2024";"04:14:43";"42";"Sem vítima";"75,100";"BR-277/PR";"Crescente";"Colisão lateral no mesmo sentido";1;0;0;1;0;0;0;0;0;0;2;0;0;0;0
"29/05/2024";"05:24:55";"76";"Sem vítima";"6,900";"855/PR";"Crescente";"Colisão traseira";2;0;0;0;0;0;0;0;0;0;1;0;0;0;0
"29/05/2024";"05:35:22";"78";"Sem vítima";"36,110";"BR-277/PR";"Decrescente";"Colisão lateral no mesmo sentido";0;0;2;0;0;0;0;0;0;0;2;0;0;0;0
"29/05/2024";"12:24:21";"150";"Sem vítima";"14,500";"BR-277/PR";"Decrescente";"Colisão lateral no mesmo sentido";1;0;1;0;0;0;0;0;0;0;3;0;0;0;0
"29/05/2024";"12:34:04";"151";"Sem vítima";"45,050";"BR-277/PR";"Crescente";"Colisão lateral no mesmo sentido";1;0;1;0;0;0;0;0;0;0;2;0;0;0;0
"29/05/2024";"12:59:10";"153";"Sem vítima";"10,500";"BR-277/PR";"Crescente";"Saída de pista";1;0;0;0;0;0;0;0;0;0;3;0;0;0;0
"29/05/2024";"02:31:13";"164";"Sem vítima";"76,200";"BR-277/PR";"Crescente";"Colisão traseira";2;0;0;0;0;0;0;0;0;0;2;0;0;0;0
"29/05/2024";"07:11:37";"196";"Sem vítima";"37,710";"BR-153/PR";"Decrescente";"Tombamento";0;0;1;0;0;0;0;0;0;0;1;0;0;0;0
"29/05/2024";"08:05:10";"199";"Sem vítima";"293,210";"151/PR";"Crescente";"Saída de pista";1;0;0;0;0;0;0;0;0;0;2;0;0;0;0
"29/05/2024";"11:14:38";"15";"Com vítima";"9,200";"BR-277/PR";"Decrescente";"Tombamento";0;0;1;0;0;0;0;0;0;0;0;1;0;0;0
"30/05/2024";"01:11:28";"21";"Sem vítima";"3,121";"BR-277/PR";"Decrescente";"Choque";1;0;0;0;0;0;0;0;0;0;2;0;0;0;0
"30/05/2024";"01:44:00";"23";"Com vítima";"37,820";"BR-153/PR";"Crescente";"Capotamento";0;0;0;0;0;0;0;0;0;1;0;1;0;0;0
"30/05/2024";"02:41:13";"26";"Com vítima";"229,870";"151/PR";"Decrescente";"Colisão frontal";1;0;1;0;0;0;0;0;0;0;0;1;0;0;1
"30/05/2024";"04:14:24";"34";"Sem vítima";"50,340";"BR-369/PR";"Crescente";"Choque";1;0;0;0;0;0;0;0;0;0;1;0;0;0;0
"30/05/2024";"06:37:44";"50";"Sem vítima";"16,100";"BR-277/PR";"Decrescente";"Saída de pista";1;0;0;0;0;0;0;0;0;0;2;0;0;0;0
"30/05/2024";"03:40:08";"124";"Com vítima";"0,100";"508/PR";"Crescente";"Saída de pista";1;0;0;0;0;0;0;0;0;0;0;1;0;0;0
"31/05/2024";"05:24:57";"44";"Com vítima";"28,100";"508/PR";"Crescente";"Colisão traseira";2;0;0;0;0;0;0;0;0;0;0;8;0;0;0
"31/05/2024";"10:37:29";"130";"Sem vítima";"68,200";"BR-277/PR";"Decrescente";"Choque";1;0;0;0;0;0;0;0;0;0;3;0;0;0;0