data;horario;n_da_ocorrencia;tipo_de_ocorrencia;km;trecho;sentido;tipo_de_acidente;automovel;bicicleta;caminhao;moto;onibus;outros;tracao_animal;transporte_de_cargas_especiais;trator_maquinas;utilitarios;ilesos;levemente_feridos;moderadamente_feridos;gravemente_feridos;mortos
"11/09/2024";"04:51:28";"129";"Com vítima";"76,538";"BR-277/PR";"Crescente";"Colisão transversal";0;1;0;1;0;0;0;0;0;0;0;2;0;0;0
"11/09/2024";"05:04:34";"138";"Com vítima";"0,030";"BR-277/PR";"Decrescente";"Queda de moto";0;0;1;1;0;0;0;0;0;0;1;0;0;0;1
"11/09/2024";"05:31:40";"146";"Sem vítima";"76,150";"BR-277/PR";"Decrescente";"Choque";1;0;0;0;0;0;0;0;0;0;1;0;0;0;0
"11/09/2024";"06:41:19";"176";"Sem vítima";"267,944";"092/PR";"Decrescente";"Tombamento";0;0;1;0;0;0;0;0;0;0;1;0;0;0;0
"11/09/2024";"08:35:14";"199";"Com vítima";"3,718";"BR-277/PR";"Decrescente";"Colisão traseira";0;0;2;0;0;0;0;0;0;0;1;1;0;0;0
"11/09/2024";"01:59:34";"266";"Com vítima";"77,428";"BR-277/PR";"Decrescente";"Capotamento";1;0;0;0;0;0;0;0;0;0;1;1;0;0;0
"11/09/2024";"02:46:48";"277";"Com vítima";"37,710";"BR-153/PR";"Decrescente";"Tombamento";0;0;1;0;0;0;0;0;0;0;0;1;0;0;0
"11/09/2024";"10:41:55";"17";"Sem vítima";"36,800";"BR-277/PR";"Decrescente";"Saída de pista";0;0;1;0;0;0;0;0;0;0;1;0;0;0;0
"12/09/2024";"01:11:26";"24";"Sem vítima";"2,700";"BR-277/PR";"Decrescente";"Colisão frontal";1;0;1;0;0;0;0;0;0;0;2;0;0;0;0
"12/09/2024";"05:04:39";"123";"Com vítima";"81,638";"BR-277/PR";"Crescente";"Queda de moto";0;0;0;1;0;0;0;0;0;0;0;1;1;0;0
"12/09/2024";"05:40:29";"139";"Sem vítima";"22,550";"BR-369/PR";"Crescente";"Saída de pista";0;0;1;0;0;0;0;0;0;1;3;0;0;0;0
"12/09/2024";"07:01:59";"159";"Sem vítima";"70,836";"BR-277/PR";"Decrescente";"Capotamento";1;0;0;0;0;0;0;0;0;0;2;0;0;0;0
"12/09/2024";"07:21:31";"166";"Com vítima";"4,478";"BR-153/PR";"Decrescente";"Queda de moto";0;0;0;1;0;0;0;0;0;0;0;1;0;0;0
"12/09/2024";"08:40:40";"183";"Com vítima";"77,400";"BR-369/PR";"Decrescente";"Engavetamento";2;0;0;0;0;0;0;0;0;1;3;0;1;0;0
"12/09/2024";"10:34:40";"212";"Com vítima";"74,620";"BR-277/PR";"Crescente";"Colisão traseira";1;0;0;0;0;0;0;0;0;1;1;2;0;0;0
"12/09/2024";"12:31:34";"240";"Sem vítima";"74,421";"BR-277/PR";"Crescente";"Colisão traseira";0;0;0;0;0;0;0;0;0;1;2;0;0;0;0
"12/09/2024";"01:13:32";"253";"Com vítima";"238,752";"151/PR";"Decrescente";"Colisão traseira";1;0;0;0;0;0;0;0;0;1;1;1;0;0;0
"12/09/2024";"08:06:59";"307";"Com vítima";"72,100";"BR-277/PR";"Decrescente";"Queda de moto";0;0;0;1;0;0;0;0;0;0;0;0;1;0;0
"12/09/2024";"09:18:20";"6";"Com vítima";"38,120";"BR-277/PR";"Crescente";"Queda de moto";0;0;0;1;0;0;0;0;0;0;0;1;0;0;0
"12/09/2024";"11:08:09";"23";"Sem vítima";"50,216";"BR-277/PR";"Crescente";"Saída de pista";0;0;1;0;0;0;0;0;0;0;1;0;0;0;0
"13/09/2024";"01:01:37";"26";"Com vítima";"205,100";"092/PR";"Crescente";"Saída de pista";1;0;0;0;0;0;0;0;0;0;0;1;0;0;0
"13/09/2024";"03:14:27";"31";"Sem vítima";"60,250";"BR-277/PR";"Crescente";"Colisão traseira";0;0;2;0;0;0;0;0;0;0;2;0;0;0;0
"13/09/2024";"07:09:38";"153";"Sem vítima";"36,680";"BR-153/PR";"Crescente";"Colisão lateral no mesmo sentido";0;0;0;1;0;1;0;0;0;0;2;0;0;0;0
"13/09/2024";"11:31:42";"228";"Sem vítima";"74,819";"BR-277/PR";"Crescente";"Colisão lateral no mesmo sentido";1;0;1;0;0;0;0;0;0;0;2;0;0;0;0
"13/09/2024";"12:29:16";"244";"Sem vítima";"74,830";"BR-277/PR";"Crescente";"Colisão traseira";2;0;0;0;0;0;0;0;0;0;2;0;0;0;0
"13/09/2024";"12:47:46";"247";"Sem vítima";"176,900";"151/PR";"Decrescente";"Colisão transversal";0;0;1;0;0;0;0;0;0;1;2;0;0;0;0
"13/09/2024";"12:51:44";"248";"Sem vítima";"74,420";"BR-277/PR";"Crescente";"Colisão traseira";2;0;0;0;0;0;0;0;0;0;4;0;0;0;0
"13/09/2024";"09:42:42";"17";"Sem vítima";"276,380";"092/PR";"Crescente";"Tombamento";0;0;2;0;0;0;0;0;0;0;0;0;0;0;0
"13/09/2024";"10:12:47";"22";"Sem vítima";"43,100";"BR-277/PR";"Decrescente";"Capotamento";1;0;0;0;0;0;0;0;0;0;5;0;0;0;0
"13/09/2024";"10:14:48";"23";"Com vítima";"307,010";"151/PR";"Crescente";"Choque";0;0;0;0;0;0;0;0;0;1;0;1;0;0;0
"14/09/2024";"02:02:36";"41";"Com vítima";"286,900";"151/PR";"Crescente";"Capotamento";1;0;0;0;0;0;0;0;0;0;2;1;0;0;0
"14/09/2024";"11:23:06";"181";"Sem vítima";"295,120";"151/PR";"Crescente";"Choque";0;0;1;0;0;0;0;0;0;0;1;0;0;0;0
"14/09/2024";"11:24:36";"182";"Sem vítima";"261,795";"092/PR";"Crescente";"Colisão lateral no mesmo sentido";0;0;1;0;0;0;0;0;0;1;2;0;0;0;0
"14/09/2024";"03:34:49";"225";"Com vítima";"46,102";"BR-369/PR";"Crescente";"Colisão frontal";3;0;0;0;0;0;0;0;0;0;2;2;1;0;0
"14/09/2024";"05:39:32";"246";"Com vítima";"17,260";"BR-277/PR";"Decrescente";"Atropelamento de pedestre";1;1;0;0;0;1;0;0;0;0;5;0;0;0;1
"14/09/2024";"06:05:48";"251";"Sem vítima";"36,390";"BR-277/PR";"Decrescente";"Choque";1;0;0;0;0;0;0;0;0;0;4;0;0;0;0
"14/09/2024";"07:35:39";"268";"Com vítima";"308,300";"151/PR";"Crescente";"Capotamento";0;0;0;0;0;0;0;0;0;2;2;1;0;0;0
"14/09/2024";"08:51:47";"279";"Sem vítima";"36,500";"BR-277/PR";"Decrescente";"Choque";1;0;0;0;0;0;0;0;0;0;3;0;0;0;0
"14/09/2024";"09:17:01";"6";"Sem vítima";"80,900";"BR-277/PR";"Crescente";"Choque";1;0;0;0;0;0;0;0;0;0;3;0;0;0;0
"14/09/2024";"09:26:06";"12";"Com vítima";"77,515";"BR-369/PR";"Decrescente";"Colisão traseira";2;0;0;0;0;0;0;0;0;0;0;3;0;0;0
"14/09/2024";"09:32:57";"14";"Sem vítima";"32,300";"BR-277/PR";"Decrescente";"Choque";1;0;0;0;0;0;0;0;0;0;1;0;0;0;0
"14/09/2024";"11:55:52";"21";"Com vítima";"41,100";"BR-277/PR";"Decrescente";"Choque";1;0;0;0;0;0;0;0;0;0;1;0;1;0;0
"15/09/2024";"12:38:22";"25";"Sem vítima";"36,350";"BR-277/PR";"Decrescente";"Choque";1;0;0;0;0;0;0;0;0;0;1;0;0;0;0
"15/09/2024";"02:45:36";"30";"Sem vítima";"0,120";"508/PR";"Decrescente";"Saída de pista";1;0;0;0;0;0;0;0;0;0;5;0;0;0;0
"15/09/2024";"03:37:00";"37";"Sem vítima";"36,400";"BR-277/PR";"Decrescente";"Saída de pista";1;0;0;0;0;0;0;0;0;0;1;0;0;0;0
"15/09/2024";"05:46:14";"64";"Com vítima";"32,460";"BR-277/PR";"Crescente";"Queda de moto";0;0;0;1;0;0;0;0;0;0;0;1;0;0;0
"15/09/2024";"07:02:38";"77";"Sem vítima";"32,380";"BR-277/PR";"Crescente";"Saída de pista";1;0;0;0;0;0;0;0;0;0;1;0;0;0;0
"15/09/2024";"08:24:43";"93";"Sem vítima";"32,190";"BR-277/PR";"Crescente";"Saída de pista";1;0;0;0;0;0;0;0;0;0;1;0;0;0;0
"15/09/2024";"08:29:02";"95";"Sem vítima";"32,230";"BR-277/PR";"Decrescente";"Saída de pista";0;0;0;0;0;0;0;0;0;1;2;0;0;0;0
"15/09/2024";"09:19:45";"105";"Sem vítima";"306,100";"151/PR";"Crescente";"Choque";1;0;0;0;0;0;0;0;0;0;5;0;0;0;0
"15/09/2024";"09:43:02";"112";"Com vítima";"32,680";"BR-277/PR";"Crescente";"Choque";0;0;0;0;0;0;0;0;0;1;1;1;0;0;0
"15/09/2024";"10:28:38";"124";"Com vítima";"285,332";"092/PR";"Crescente";"Choque";1;0;0;0;0;0;0;0;0;0;0;1;0;0;0
"15/09/2024";"11:19:57";"130";"Com vítima";"40,100";"BR-277/PR";"Crescente";"Capotamento";0;0;0;0;0;0;0;0;0;1;0;2;1;1;0
"15/09/2024";"11:50:30";"135";"Com vítima";"22,870";"BR-277/PR";"Crescente";"Colisão transversal";3;0;0;0;0;0;0;0;0;0;0;3;2;0;0
"15/09/2024";"12:03:56";"139";"Sem vítima";"33,240";"BR-277/PR";"Crescente";"Choque";1;0;0;0;0;0;0;0;0;0;1;0;0;0;0
"15/09/2024";"12:07:35";"140";"Sem vítima";"305,460";"151/PR";"Crescente";"Saída de pista";1;0;0;0;0;0;0;0;0;0;2;0;0;0;0
"15/09/2024";"12:15:21";"142";"Com vítima";"180,380";"151/PR";"Crescente";"Colisão transversal";1;0;1;0;0;0;0;0;0;0;1;2;0;0;0
"15/09/2024";"12:44:16";"144";"Sem vítima";"281,880";"151/PR";"Decrescente";"Saída de pista";1;0;0;0;0;0;0;0;0;0;3;0;0;0;0
"15/09/2024";"02:31:15";"166";"Sem vítima";"271,070";"151/PR";"Crescente";"Choque";1;0;0;0;0;0;0;0;0;0;2;0;0;0;0
"15/09/2024";"02:56:48";"168";"Sem vítima";"36,500";"BR-277/PR";"Decrescente";"Choque";1;0;0;0;0;0;0;0;0;0;1;0;0;0;0
"15/09/2024";"03:07:47";"170";"Sem vítima";"283,500";"151/PR";"Crescente";"Choque";1;0;0;0;0;0;0;0;0;0;2;0;0;0;0
"15/09/2024";"03:51:54";"182";"Sem vítima";"67,360";"BR-277/PR";"Decrescente";"Choque";1;0;0;0;0;0;0;0;0;0;1;0;0;0;0
"15/09/2024";"03:52:22";"183";"Com vítima";"273,500";"092/PR";"Crescente";"Colisão frontal";0;0;1;0;0;0;0;0;0;1;2;0;0;0;2
"15/09/2024";"04:30:42";"193";"Sem vítima";"305,010";"151/PR";"Decrescente";"Choque";1;0;0;0;0;0;0;0;0;0;3;0;0;0;0
"15/09/2024";"04:44:46";"195";"Com vítima";"208,100";"092/PR";"Crescente";"Capotamento";1;0;0;0;0;0;0;0;0;0;0;0;0;0;1
"15/09/2024";"05:49:48";"202";"Com vítima";"261,100";"151/PR";"Decrescente";"Choque";1;0;0;0;0;0;0;0;0;0;0;1;0;0;0
"15/09/2024";"06:07:16";"203";"Com vítima";"211,100";"092/PR";"Decrescente";"Capotamento";1;0;0;0;0;0;0;0;0;0;0;1;0;0;0
"15/09/2024";"06:09:56";"204";"Sem vítima";"312,900";"151/PR";"Crescente";"Choque";1;0;0;0;0;0;0;0;0;0;2;0;0;0;0
"15/09/2024";"07:35:23";"218";"Sem vítima";"69,010";"BR-277/PR";"Decrescente";"Choque";0;0;0;0;0;0;0;0;0;1;0;0;0;0;0
"16/09/2024";"01:22:14";"27";"Sem vítima";"30,035";"BR-153/PR";"Decrescente";"Choque";1;0;0;0;0;0;0;0;0;0;3;0;0;0;0
"16/09/2024";"04:30:54";"79";"Com vítima";"74,638";"BR-277/PR";"Crescente";"Colisão traseira";1;0;0;1;0;0;0;0;0;0;1;1;0;0;0
"16/09/2024";"04:59:50";"96";"Com vítima";"65,909";"BR-277/PR";"Decrescente";"Capotamento";1;0;1;0;0;0;0;0;0;0;1;0;1;0;0
"16/09/2024";"05:05:32";"101";"Com vítima";"36,310";"BR-277/PR";"Decrescente";"Choque";0;0;1;0;0;0;0;0;0;0;0;1;0;0;0
"16/09/2024";"05:09:37";"106";"Sem vítima";"32,225";"BR-277/PR";"Crescente";"Saída de pista";1;0;0;0;0;0;0;0;0;0;1;0;0;0;0
"16/09/2024";"05:26:23";"128";"Sem vítima";"305,296";"151/PR";"Crescente";"Choque";1;0;0;0;0;0;0;0;0;0;1;0;0;0;0
"16/09/2024";"05:35:53";"132";"Com vítima";"32,100";"BR-277/PR";"Decrescente";"Saída de pista";0;0;0;0;0;0;0;0;0;1;0;2;0;0;0
"16/09/2024";"06:02:11";"135";"Sem vítima";"309,559";"151/PR";"Decrescente";"Choque";1;0;0;0;0;0;0;0;0;0;1;0;0;0;0
"16/09/2024";"06:06:19";"136";"Sem vítima";"298,200";"151/PR";"Decrescente";"Choque";1;0;0;0;0;0;0;0;0;0;1;0;0;0;0
"16/09/2024";"06:11:08";"137";"Sem vítima";"306,895";"151/PR";"Decrescente";"Choque";1;0;0;0;0;0;0;0;0;0;1;0;0;0;0
"16/09/2024";"06:44:07";"145";"Com vítima";"40,050";"BR-277/PR";"Crescente";"Choque";1;0;0;0;0;0;0;0;0;0;0;5;0;0;0
"16/09/2024";"08:21:42";"161";"Sem vítima";"206,200";"092/PR";"Decrescente";"Saída de pista";1;0;0;0;0;0;0;0;0;0;1;0;0;0;0
"16/09/2024";"08:28:12";"165";"Com vítima";"85,580";"BR-369/PR";"Crescente";"Colisão transversal";2;0;0;0;0;0;0;0;0;0;2;0;1;0;0
"16/09/2024";"09:27:19";"174";"Com vítima";"318,879";"151/PR";"Decrescente";"Choque";0;0;0;0;0;0;0;0;0;1;0;1;0;0;0
"16/09/2024";"09:27:55";"176";"Com vítima";"215,376";"151/PR";"Decrescente";"Tombamento";0;0;1;0;0;0;0;0;0;0;0;0;0;1;0
"16/09/2024";"11:12:16";"195";"Sem vítima";"75,740";"BR-369/PR";"Decrescente";"Choque";0;0;1;0;0;0;0;0;0;0;1;0;0;0;0
"16/09/2024";"12:03:00";"204";"Sem vítima";"70,980";"BR-277/PR";"Crescente";"Choque";0;0;0;0;0;0;0;0;0;1;1;0;0;0;0
"16/09/2024";"12:31:50";"211";"Com vítima";"70,980";"BR-277/PR";"Decrescente";"Colisão traseira";0;0;1;1;0;0;0;0;0;0;1;2;0;0;0
"16/09/2024";"12:56:26";"213";"Sem vítima";"254,800";"151/PR";"Crescente";"Tombamento";0;0;2;0;0;0;0;0;0;0;2;0;0;0;0
"17/09/2024";"08:44:28";"167";"Com vítima";"259,760";"151/PR";"Crescente";"Colisão traseira";1;0;0;1;0;0;0;0;0;0;1;1;0;0;0
"17/09/2024";"10:58:22";"192";"Sem vítima";"216,222";"092/PR";"Decrescente";"Tombamento";0;0;1;0;0;0;0;0;0;0;1;0;0;0;0
"17/09/2024";"03:30:20";"226";"Com vítima";"18,250";"BR-153/PR";"Decrescente";"Colisão transversal";0;0;0;2;0;0;0;0;0;0;0;1;1;0;0
"17/09/2024";"05:34:16";"244";"Sem vítima";"30,400";"BR-369/PR";"Crescente";"Choque";1;0;0;0;0;0;0;0;0;0;1;0;0;0;0
"18/09/2024";"05:33:48";"139";"Com vítima";"306,120";"151/PR";"Decrescente";"Capotamento";1;0;0;0;0;0;0;0;0;0;0;0;2;0;0
"18/09/2024";"05:52:01";"147";"Sem vítima";"260,140";"151/PR";"Crescente";"Saída de pista";0;0;0;0;0;0;0;0;0;1;4;0;0;0;0
"18/09/2024";"08:08:21";"190";"Sem vítima";"210,200";"092/PR";"Crescente";"Colisão traseira";0;0;2;0;0;0;0;0;0;0;2;0;0;0;0
"18/09/2024";"10:53:53";"213";"Com vítima";"250,462";"092/PR";"Crescente";"Tombamento";0;0;1;0;0;0;0;0;0;0;0;1;0;0;0
"18/09/2024";"02:38:37";"254";"Com vítima";"41,600";"BR-153/PR";"Crescente";"Atropelamento de pedestre";1;0;0;0;0;0;0;0;0;0;1;1;0;0;0
"18/09/2024";"11:26:13";"23";"Sem vítima";"269,925";"151/PR";"Decrescente";"Choque";1;0;0;0;0;0;0;0;0;0;1;0;0;0;0
"19/09/2024";"12:47:10";"27";"Sem vítima";"43,120";"BR-277/PR";"Crescente";"Choque";0;0;1;0;0;0;0;0;0;0;1;0;0;0;0
"19/09/2024";"05:13:32";"129";"Sem vítima";"71,340";"BR-277/PR";"Decrescente";"Colisão traseira";2;0;0;0;0;0;0;0;0;0;3;0;0;0;0
"19/09/2024";"08:11:49";"180";"Com vítima";"79,180";"BR-277/PR";"Decrescente";"Colisão traseira";1;0;0;1;0;0;0;0;0;0;1;0;1;0;0
"19/09/2024";"09:07:54";"187";"Sem vítima";"18,910";"408/PR";"Decrescente";"Choque";1;0;0;0;0;0;0;0;0;0;1;0;0;0;0
"19/09/2024";"11:05:51";"204";"Sem vítima";"35,750";"BR-277/PR";"Decrescente";"Choque";1;0;0;0;0;0;0;0;0;0;1;0;0;0;0
"19/09/2024";"11:42:15";"207";"Sem vítima";"65,269";"BR-277/PR";"Decrescente";"Saída de pista";1;0;0;0;0;0;0;0;0;0;1;0;0;0;0
"19/09/2024";"01:05:31";"221";"Com vítima";"31,300";"BR-277/PR";"Decrescente";"Capotamento";1;0;0;0;0;0;0;0;0;0;0;1;0;0;0
"19/09/2024";"01:36:58";"230";"Com vítima";"272,110";"092/PR";"Decrescente";"Colisão frontal";0;0;0;1;0;0;0;0;0;2;2;0;0;0;1
"19/09/2024";"06:05:21";"267";"Sem vítima";"36,800";"BR-277/PR";"Decrescente";"Saída de pista";1;0;0;0;0;0;0;0;0;0;5;0;0;0;0
"19/09/2024";"09:28:52";"8";"Sem vítima";"2,650";"BR-277/PR";"Crescente";"Colisão lateral no mesmo sentido";1;0;1;0;0;0;0;0;0;0;2;0;0;0;0
"20/09/2024";"06:13:05";"137";"Com vítima";"6,920";"BR-277/PR";"Decrescente";"Colisão lateral no mesmo sentido";1;0;1;1;0;0;0;0;0;0;1;1;1;0;0
"20/09/2024";"07:29:51";"160";"Sem vítima";"43,906";"BR-277/PR";"Crescente";"Choque";0;0;1;0;0;0;0;0;0;0;1;0;0;0;0
"20/09/2024";"07:56:14";"162";"Sem vítima";"2,496";"BR-277/PR";"Crescente";"Colisão lateral no mesmo sentido";0;0;2;0;0;0;0;0;0;0;2;0;0;0;0
"20/09/2024";"07:57:51";"163";"Com vítima";"205,952";"092/PR";"Decrescente";"Choque";0;0;0;0;0;0;0;0;0;1;4;0;1;0;0
"20/09/2024";"08:31:13";"170";"Com vítima";"0,146";"855/PR";"Crescente";"Tombamento";0;0;1;0;0;0;0;0;0;0;0;1;0;0;0
"20/09/2024";"11:23:04";"204";"Com vítima";"73,834";"BR-277/PR";"Crescente";"Colisão lateral no mesmo sentido";1;0;0;1;0;0;0;0;0;0;0;1;0;0;0
"20/09/2024";"01:51:32";"232";"Com vítima";"242,451";"151/PR";"Decrescente";"Choque";0;0;0;0;0;0;0;0;0;1;0;1;0;0;0
"20/09/2024";"01:59:51";"241";"Sem vítima";"307,753";"151/PR";"Crescente";"Capotamento";1;0;0;0;0;0;0;0;0;0;1;0;0;0;0
"20/09/2024";"03:03:26";"252";"Com vítima";"308,400";"151/PR";"Crescente";"Choque";1;0;0;0;0;0;0;0;0;0;0;1;0;0;0
"20/09/2024";"03:06:34";"254";"Com vítima";"33,140";"BR-153/PR";"Decrescente";"Saída de pista";0;0;1;0;0;0;0;0;0;0;0;1;0;0;0
"20/09/2024";"03:09:42";"255";"Sem vítima";"33,360";"BR-277/PR";"Crescente";"Saída de pista";1;0;0;0;0;0;0;0;0;0;1;0;0;0;0
"20/09/2024";"05:31:49";"279";"Com vítima";"80,500";"BR-277/PR";"Decrescente";"Capotamento";1;0;0;0;0;0;0;0;0;0;0;2;0;0;0
"20/09/2024";"05:49:52";"282";"Sem vítima";"72,400";"BR-277/PR";"Decrescente";"Queda de moto";0;0;0;1;0;0;0;0;0;0;1;0;0;0;0
"20/09/2024";"06:09:41";"285";"Sem vítima";"76,970";"BR-277/PR";"Crescente";"Saída de pista";0;0;0;0;0;0;0;0;0;1;1;0;0;0;0
"20/09/2024";"07:35:19";"297";"Com vítima";"2,520";"239/PR";"Crescente";"Choque";1;0;0;0;0;0;0;0;0;0;0;1;0;0;0
"20/09/2024";"08:04:42";"304";"Sem vítima";"31,470";"BR-277/PR";"Decrescente";"Colisão traseira";0;0;2;0;0;0;0;0;0;0;2;0;0;0;0
"21/09/2024";"12:51:14";"27";"Sem vítima";"16,900";"BR-277/PR";"Decrescente";"Saída de pista";1;0;0;0;0;0;0;0;0;0;2;0;0;0;0
"21/09/2024";"03:19:30";"31";"Sem vítima";"35,802";"BR-277/PR";"Decrescente";"Tombamento";0;0;1;0;0;0;0;0;0;0;1;0;0;0;0
"21/09/2024";"12:03:18";"174";"Com vítima";"77,935";"BR-277/PR";"Crescente";"Queda de moto";0;0;0;1;0;0;0;0;0;0;0;1;1;0;0
"21/09/2024";"01:31:40";"195";"Com vítima";"21,793";"408/PR";"Decrescente";"Colisão transversal";2;0;0;0;0;0;0;0;0;0;0;3;0;0;0
"21/09/2024";"03:49:21";"207";"Com vítima";"9,920";"BR-277/PR";"Crescente";"Queda de moto";0;0;0;1;0;0;0;0;0;0;0;1;0;0;0
"21/09/2024";"06:43:24";"226";"Sem vítima";"36,100";"BR-277/PR";"Decrescente";"Choque";1;0;0;0;0;0;0;0;0;0;3;0;0;0;0
"21/09/2024";"07:56:04";"230";"Sem vítima";"33,240";"BR-277/PR";"Decrescente";"Choque";1;0;0;0;0;0;0;0;0;0;1;0;0;0;0
"21/09/2024";"08:06:41";"232";"Sem vítima";"36,460";"BR-277/PR";"Decrescente";"Choque";1;0;0;0;0;0;0;0;0;0;3;0;0;0;0
"22/09/2024";"01:27:51";"20";"Com vítima";"285,900";"151/PR";"Decrescente";"Capotamento";1;0;0;0;0;0;0;0;0;0;0;2;0;0;0
"22/09/2024";"03:36:38";"27";"Sem vítima";"183,106";"151/PR";"Crescente";"Saída de pista";1;0;0;0;0;0;0;0;0;0;1;0;0;0;0
"22/09/2024";"05:27:28";"51";"Com vítima";"19,223";"508/PR";"Crescente";"Colisão transversal";1;1;0;0;0;0;0;0;0;0;1;1;0;0;0
"22/09/2024";"06:17:42";"59";"Sem vítima";"5,200";"508/PR";"Decrescente";"Saída de pista";1;0;0;0;0;0;0;0;0;0;5;0;0;0;0
"22/09/2024";"11:20:59";"105";"Sem vítima";"25,120";"508/PR";"Crescente";"Choque";1;0;0;0;0;0;0;0;0;0;1;0;0;0;0
"22/09/2024";"12:15:52";"124";"Com vítima";"10,150";"BR-277/PR";"Crescente";"Queda de moto";0;0;0;1;0;0;0;0;0;0;0;2;0;0;0
"22/09/2024";"12:28:49";"126";"Com vítima";"42,019";"BR-153/PR";"Crescente";"Colisão traseira";0;0;0;0;0;0;0;0;0;1;1;1;0;0;0
"22/09/2024";"01:09:25";"134";"Sem vítima";"3,255";"508/PR";"Crescente";"Colisão traseira";1;0;0;0;0;0;0;0;0;1;1;0;0;0;0
"22/09/2024";"03:35:12";"175";"Com vítima";"39,200";"BR-277/PR";"Crescente";"Queda de moto";0;0;0;1;0;0;0;0;0;0;0;0;1;0;0
"22/09/2024";"08:35:29";"214";"Com vítima";"22,080";"508/PR";"Crescente";"Colisão traseira";1;0;1;0;0;0;0;0;0;0;1;0;1;1;0
"23/09/2024";"06:00:48";"148";"Sem vítima";"19,725";"BR-369/PR";"Crescente";"Engavetamento";0;0;1;0;0;0;0;0;0;2;3;0;0;0;0
"23/09/2024";"08:35:22";"184";"Sem vítima";"56,044";"BR-277/PR";"Crescente";"Colisão traseira";2;0;0;0;0;0;0;0;0;0;6;0;0;0;0
"23/09/2024";"12:42:13";"244";"Com vítima";"26,925";"BR-153/PR";"Decrescente";"Saída de pista";0;0;0;0;0;0;0;0;0;1;0;2;0;0;0
"23/09/2024";"01:34:39";"257";"Com vítima";"318,500";"151/PR";"Decrescente";"Colisão lateral no mesmo sentido";1;0;1;0;1;0;0;0;0;0;3;1;0;0;0
"24/09/2024";"03:01:20";"27";"Com vítima";"6,330";"BR-277/PR";"Decrescente";"Atropelamento de animal";0;0;0;1;0;0;0;0;0;0;0;2;0;0;0
"24/09/2024";"04:08:02";"67";"Com vítima";"63,760";"BR-277/PR";"Decrescente";"Queda de moto";0;0;0;0;0;0;0;0;0;0;0;1;0;0;0
"24/09/2024";"04:22:01";"82";"Com vítima";"74,680";"BR-277/PR";"Crescente";"Colisão traseira";1;0;0;1;0;0;0;0;0;0;1;0;1;0;0
"24/09/2024";"04:46:39";"95";"Com vítima";"74,470";"BR-277/PR";"Crescente";"Colisão traseira";1;0;0;1;0;0;0;0;0;0;1;1;0;0;0
"24/09/2024";"06:50:29";"160";"Sem vítima";"6,332";"BR-277/PR";"Decrescente";"Saída de pista";1;0;0;0;0;0;0;0;0;0;3;0;0;0;0
"24/09/2024";"08:58:24";"183";"Com vítima";"82,640";"BR-277/PR";"Decrescente";"Colisão traseira";0;0;0;1;0;0;0;0;0;1;1;1;0;0;0
"24/09/2024";"10:19:56";"194";"Com vítima";"238,490";"151/PR";"Crescente";"Tombamento";0;0;1;0;0;0;0;0;0;0;0;0;1;0;0
"24/09/2024";"10:26:44";"196";"Sem vítima";"10,500";"BR-277/PR";"Decrescente";"Colisão lateral no mesmo sentido";0;0;2;0;0;0;0;0;0;0;1;0;0;0;0
"24/09/2024";"11:29:32";"207";"Com vítima";"19,438";"BR-369/PR";"Crescente";"Colisão transversal";1;0;0;1;0;0;0;0;0;0;2;0;1;0;0
"24/09/2024";"01:48:10";"233";"Com vítima";"38,130";"BR-277/PR";"Decrescente";"Tombamento";0;0;1;0;0;0;0;0;0;0;0;1;0;0;0
"24/09/2024";"04:14:12";"256";"Com vítima";"1,650";"BR-153/PR";"Decrescente";"Colisão lateral no mesmo sentido";0;1;0;1;0;0;0;0;0;0;2;1;0;0;0
"24/09/2024";"05:27:19";"265";"Com vítima";"12,378";"BR-277/PR";"Decrescente";"Atropelamento de pedestre";1;1;0;0;0;0;0;0;0;0;1;1;0;0;0
"24/09/2024";"08:14:41";"289";"Sem vítima";"22,606";"BR-369/PR";"Crescente";"Atropelamento de animal";0;0;1;0;0;0;0;0;0;0;1;0;0;0;0
"25/09/2024";"01:25:18";"28";"Sem vítima";"35,080";"BR-277/PR";"Crescente";"Colisão lateral no mesmo sentido";0;0;2;0;0;0;0;0;0;0;2;0;0;0;0
"25/09/2024";"05:14:26";"110";"Com vítima";"75,067";"BR-277/PR";"Crescente";"Colisão traseira";1;0;0;1;0;0;0;0;0;0;1;0;0;1;0
"25/09/2024";"05:35:46";"121";"Com vítima";"74,447";"BR-277/PR";"Crescente";"Engavetamento";1;0;1;0;0;0;0;0;0;1;3;1;0;0;0
"25/09/2024";"05:28:17";"314";"Sem vítima";"69,700";"BR-277/PR";"Decrescente";"Saída de pista";1;0;0;0;0;0;0;0;0;0;1;0;0;0;0
"26/09/2024";"03:12:27";"31";"Com vítima";"31,536";"BR-277/PR";"Crescente";"Capotamento";1;0;0;0;0;0;0;0;0;0;0;2;0;0;0