data;horario;n_da_ocorrencia;tipo_de_ocorrencia;km;trecho;sentido;tipo_de_acidente;automovel;bicicleta;caminhao;moto;onibus;outros;tracao_animal;transporte_de_cargas_especiais;trator_maquinas;utilitarios;ilesos;levemente_feridos;moderadamente_feridos;gravemente_feridos;mortos
"26/09/2024";"04:34:08";"73";"Com vítima";"75,965";"BR-277/PR";"Crescente";"Engavetamento";2;0;0;1;0;0;0;0;0;0;3;1;0;0;0
"26/09/2024";"04:36:26";"75";"Sem vítima";"75,003";"BR-277/PR";"Crescente";"Colisão traseira";1;0;0;1;0;0;0;0;0;0;4;0;0;0;0
"26/09/2024";"08:46:19";"185";"Sem vítima";"186,230";"151/PR";"Crescente";"Colisão traseira";1;0;0;0;0;1;0;0;0;1;3;0;0;0;0
"26/09/2024";"05:36:24";"294";"Sem vítima";"305,296";"151/PR";"Decrescente";"Choque";1;0;0;0;0;0;0;0;0;0;2;0;0;0;0
"26/09/2024";"06:18:28";"301";"Com vítima";"25,900";"508/PR";"Decrescente";"Colisão traseira";1;0;1;0;0;0;0;0;0;0;0;3;0;0;0
"26/09/2024";"11:02:31";"15";"Com vítima";"83,660";"BR-277/PR";"Decrescente";"Choque";1;0;0;0;0;0;0;0;0;0;0;1;0;0;0
"27/09/2024";"01:07:24";"20";"Sem vítima";"51,109";"BR-153/PR";"Crescente";"Saída de pista";0;0;1;0;0;0;0;0;0;0;0;0;0;0;0
"27/09/2024";"02:54:53";"24";"Sem vítima";"23,904";"BR-277/PR";"Crescente";"Choque";1;0;0;0;0;0;0;0;0;0;1;0;0;0;0
"27/09/2024";"04:10:42";"71";"Com vítima";"74,126";"BR-277/PR";"Crescente";"Colisão lateral no mesmo sentido";1;0;0;1;0;0;0;0;0;0;1;1;0;0;0
"27/09/2024";"05:48:21";"117";"Com vítima";"76,464";"BR-277/PR";"Crescente";"Queda de moto";0;0;0;1;0;0;0;0;0;0;0;0;1;0;0
"27/09/2024";"06:54:27";"166";"Com vítima";"31,854";"BR-277/PR";"Decrescente";"Choque";1;0;0;0;0;0;0;0;0;0;0;3;2;0;0
"27/09/2024";"09:33:56";"206";"Com vítima";"286,306";"151/PR";"Decrescente";"Colisão traseira";0;0;1;0;0;0;0;0;0;1;2;1;0;0;0
"27/09/2024";"09:52:01";"212";"Sem vítima";"41,120";"BR-277/PR";"Crescente";"Colisão traseira";0;0;2;0;0;0;0;0;0;0;2;0;0;0;0
"27/09/2024";"12:58:01";"236";"Com vítima";"273,631";"092/PR";"Decrescente";"Tombamento";0;0;1;0;0;0;0;0;0;0;0;1;0;0;0
"27/09/2024";"02:52:11";"263";"Sem vítima";"24,010";"BR-277/PR";"Crescente";"Tombamento";0;0;0;0;0;0;0;0;0;1;2;0;0;0;0
"27/09/2024";"06:51:43";"306";"Sem vítima";"2,590";"BR-277/PR";"Decrescente";"Engavetamento";3;0;0;0;0;0;0;0;0;0;4;0;0;0;0
"27/09/2024";"08:18:35";"322";"Com vítima";"0,200";"BR-277/PR";"Decrescente";"Colisão frontal";0;0;1;1;0;0;0;0;0;0;0;0;1;0;0
"27/09/2024";"09:26:28";"13";"Sem vítima";"3,300";"BR-277/PR";"Decrescente";"Colisão traseira";0;0;2;0;0;0;0;0;0;0;2;0;0;0;0
"27/09/2024";"11:33:55";"25";"Com vítima";"81,920";"BR-369/PR";"Crescente";"Colisão frontal";2;0;0;0;0;0;0;0;0;0;0;0;2;0;0
"28/09/2024";"01:12:43";"34";"Sem vítima";"76,110";"BR-277/PR";"Decrescente";"Atropelamento de animal";1;0;0;0;0;0;0;0;0;0;1;0;0;0;0
"28/09/2024";"04:38:52";"72";"Com vítima";"274,120";"151/PR";"Crescente";"Capotamento";1;0;0;0;0;0;0;0;0;0;0;1;0;0;0
"28/09/2024";"06:10:22";"103";"Sem vítima";"1,460";"BR-369/PR";"Decrescente";"Colisão lateral no mesmo sentido";1;0;1;0;0;0;0;0;0;0;3;0;0;0;0
"28/09/2024";"09:21:18";"151";"Com vítima";"281,900";"092/PR";"Decrescente";"Colisão traseira";1;0;0;1;0;0;0;0;0;0;1;1;0;0;0
"28/09/2024";"01:26:24";"177";"Com vítima";"70,583";"BR-369/PR";"Crescente";"Colisão transversal";1;0;0;0;0;0;0;0;0;1;0;3;3;3;0
"28/09/2024";"02:11:11";"188";"Sem vítima";"43,110";"BR-277/PR";"Crescente";"Colisão traseira";1;0;0;0;0;0;0;0;0;1;3;0;0;0;0
"28/09/2024";"02:16:29";"190";"Com vítima";"40,400";"BR-277/PR";"Crescente";"Choque";0;0;0;1;0;0;0;0;0;0;0;0;1;0;0
"28/09/2024";"11:43:50";"17";"Com vítima";"74,003";"BR-277/PR";"Decrescente";"Queda de moto";0;0;0;1;0;0;0;0;0;0;0;1;0;0;0
"29/09/2024";"04:18:06";"42";"Sem vítima";"278,010";"151/PR";"Decrescente";"Capotamento";1;0;0;0;0;0;0;0;0;0;0;0;0;0;0
"29/09/2024";"09:27:20";"94";"Com vítima";"42,385";"BR-277/PR";"Decrescente";"Capotamento";1;0;0;0;0;0;0;0;0;0;0;2;0;0;0
"29/09/2024";"04:18:03";"171";"Com vítima";"76,010";"BR-369/PR";"Decrescente";"Colisão traseira";1;0;0;0;0;0;0;0;0;1;0;5;0;0;0
"29/09/2024";"04:26:23";"175";"Sem vítima";"7,036";"407/PR";"Decrescente";"Atropelamento de animal";1;0;0;0;0;0;0;0;0;0;5;0;0;0;0
"29/09/2024";"09:42:22";"7";"Sem vítima";"5,510";"BR-277/PR";"Crescente";"Saída de pista";1;0;0;0;0;0;0;0;0;0;1;0;0;0;0
"30/09/2024";"06:04:12";"146";"Sem vítima";"315,058";"151/PR";"Crescente";"Saída de pista";1;0;0;0;0;0;0;0;0;0;1;0;0;0;0
"30/09/2024";"08:28:04";"181";"Sem vítima";"60,250";"BR-277/PR";"Crescente";"Colisão traseira";1;0;1;0;0;0;0;0;0;0;2;0;0;0;0
"30/09/2024";"11:59:08";"219";"Com vítima";"1,100";"BR-277/PR";"Crescente";"Colisão lateral no mesmo sentido";1;0;0;1;0;0;0;0;0;0;1;1;0;0;0
"30/09/2024";"02:31:19";"243";"Sem vítima";"73,040";"BR-277/PR";"Decrescente";"Choque";1;0;0;0;0;0;0;0;0;0;1;0;0;0;0
"30/09/2024";"03:21:11";"252";"Com vítima";"11,010";"BR-277/PR";"Crescente";"Colisão lateral no mesmo sentido";0;0;0;1;0;0;0;0;0;1;1;1;0;0;0
"30/09/2024";"03:31:33";"254";"Sem vítima";"80,100";"BR-277/PR";"Decrescente";"Colisão lateral no mesmo sentido";0;0;0;2;0;0;0;0;0;0;2;0;0;0;0
"30/09/2024";"04:34:28";"264";"Com vítima";"278,720";"151/PR";"Decrescente";"Colisão transversal";1;1;0;0;0;0;0;0;0;0;3;0;0;0;1
"01/10/2024";"05:07:48";"94";"Sem vítima";"10,115";"BR-153/PR";"Crescente";"Colisão traseira";1;0;1;0;0;0;0;0;0;0;2;0;0;0;0
"01/10/2024";"08:00:42";"164";"Com vítima";"287,424";"151/PR";"Decrescente";"Colisão traseira";0;0;0;1;0;0;0;0;0;1;1;0;1;0;0
"01/10/2024";"08:45:43";"295";"Com vítima";"14,014";"BR-153/PR";"Decrescente";"Colisão transversal";2;0;0;0;0;0;0;0;0;0;0;1;1;0;0
"02/10/2024";"02:05:01";"17";"Sem vítima";"48,905";"BR-277/PR";"Decrescente";"Colisão traseira";0;0;1;0;0;0;0;0;0;1;2;0;0;0;0
"02/10/2024";"04:49:31";"113";"Com vítima";"318,999";"151/PR";"Crescente";"Choque";0;0;1;0;0;0;0;0;0;0;0;1;0;0;0
"02/10/2024";"09:13:02";"196";"Sem vítima";"206,100";"092/PR";"Decrescente";"Saída de pista";0;0;0;0;0;0;0;0;0;1;1;0;0;0;0
"02/10/2024";"01:27:33";"244";"Sem vítima";"44,470";"BR-277/PR";"Decrescente";"Saída de pista";0;0;0;0;0;0;0;0;0;1;2;0;0;0;0
"02/10/2024";"01:43:01";"247";"Sem vítima";"36,450";"BR-277/PR";"Decrescente";"Choque";0;0;0;0;0;0;0;0;0;1;1;0;0;0;0
"02/10/2024";"02:20:37";"251";"Sem vítima";"24,100";"BR-277/PR";"Crescente";"Choque";0;0;0;0;0;0;0;0;0;1;1;0;0;0;0
"02/10/2024";"05:28:36";"278";"Sem vítima";"0,500";"855/PR";"Decrescente";"Saída de pista";1;0;0;0;0;0;0;0;0;0;1;0;0;0;0
"02/10/2024";"06:03:40";"288";"Com vítima";"0,500";"508/PR";"Crescente";"Colisão traseira";1;0;0;1;0;0;0;0;0;0;0;5;0;0;0
"02/10/2024";"08:55:24";"305";"Com vítima";"79,500";"BR-277/PR";"Decrescente";"Colisão traseira";0;0;0;1;0;0;0;0;0;0;0;1;0;0;0
"03/10/2024";"10:22:10";"204";"Com vítima";"66,183";"BR-277/PR";"Decrescente";"Colisão traseira";0;0;0;0;0;0;0;0;0;1;0;0;0;1;0
"03/10/2024";"03:47:28";"266";"Sem vítima";"0,920";"BR-277/PR";"Decrescente";"Colisão lateral no mesmo sentido";1;0;1;0;0;0;0;0;0;0;2;0;0;0;0
"03/10/2024";"07:14:23";"305";"Com vítima";"15,500";"BR-369/PR";"Crescente";"Colisão traseira";2;0;0;2;0;0;0;0;0;0;10;2;0;0;0
"04/10/2024";"05:30:03";"151";"Com vítima";"17,417";"407/PR";"Crescente";"Colisão traseira";2;0;0;2;0;0;0;0;0;0;2;0;2;0;0
"04/10/2024";"11:18:08";"218";"Com vítima";"82,409";"BR-277/PR";"Decrescente";"Choque";2;0;0;0;0;0;0;0;0;0;0;2;0;0;0
"04/10/2024";"12:10:40";"232";"Com vítima";"5,410";"239/PR";"Crescente";"Tombamento";0;0;2;0;0;0;0;0;0;0;0;2;0;2;0
"04/10/2024";"05:13:22";"285";"Com vítima";"287,800";"151/PR";"Crescente";"Atropelamento de pedestre";2;0;0;0;0;0;0;0;0;0;2;2;0;0;0
"04/10/2024";"09:17:54";"7";"Com vítima";"266,300";"151/PR";"Crescente";"Colisão traseira";2;0;2;0;0;0;0;0;0;0;2;2;0;0;0
"05/10/2024";"06:55:13";"79";"Com vítima";"307,512";"092/PR";"Crescente";"Colisão transversal";2;0;2;0;0;0;0;0;0;0;2;6;0;0;0
"05/10/2024";"08:06:29";"96";"Sem vítima";"213,374";"092/PR";"Decrescente";"Saída de pista";0;0;2;0;0;0;0;0;0;0;2;0;0;0;0
"05/10/2024";"11:38:52";"138";"Sem vítima";"53,655";"BR-277/PR";"Crescente";"Colisão lateral no mesmo sentido";0;0;2;0;0;0;0;0;0;0;5;0;0;0;0
"05/10/2024";"12:52:58";"153";"Com vítima";"12,371";"BR-277/PR";"Decrescente";"Colisão transversal";1;0;1;0;0;0;0;0;0;0;1;2;1;0;1
"05/10/2024";"02:56:32";"170";"Com vítima";"240,470";"092/PR";"Crescente";"Colisão transversal";2;0;0;0;0;0;0;0;0;0;0;5;1;0;0
"05/10/2024";"04:10:12";"182";"Com vítima";"44,590";"BR-369/PR";"Crescente";"Capotamento";1;0;0;0;0;0;0;0;0;0;0;0;1;0;0
"05/10/2024";"08:43:52";"207";"Sem vítima";"2,010";"BR-277/PR";"Crescente";"Colisão lateral no mesmo sentido";1;0;1;0;0;0;0;0;0;0;2;0;0;0;0
"05/10/2024";"11:09:34";"18";"Com vítima";"27,830";"BR-369/PR";"Crescente";"Colisão traseira";2;0;0;0;0;0;0;0;0;0;0;2;1;0;0
"05/10/2024";"11:49:43";"21";"Com vítima";"245,010";"151/PR";"Decrescente";"Choque";1;0;0;0;0;0;0;0;0;0;0;2;0;0;0
"06/10/2024";"03:57:35";"26";"Com vítima";"22,303";"408/PR";"Crescente";"Colisão frontal";1;0;1;0;0;0;0;0;0;0;1;1;0;0;0
"06/10/2024";"06:50:59";"56";"Sem vítima";"30,690";"BR-277/PR";"Decrescente";"Saída de pista";1;0;0;0;0;0;0;0;0;0;3;0;0;0;0
"06/10/2024";"11:52:27";"112";"Sem vítima";"68,018";"BR-277/PR";"Crescente";"Choque";1;0;0;0;0;0;0;0;0;0;1;0;0;0;0
"06/10/2024";"03:10:36";"157";"Com vítima";"31,780";"BR-277/PR";"Crescente";"Choque";0;0;0;0;0;0;0;0;0;1;0;1;0;0;0
"06/10/2024";"04:00:25";"161";"Com vítima";"72,500";"BR-277/PR";"Crescente";"Queda de bicicleta";0;1;0;0;0;0;0;0;0;0;0;0;0;0;0
"07/10/2024";"05:28:06";"138";"Com vítima";"307,494";"092/PR";"Decrescente";"Engavetamento";3;0;0;0;0;0;0;0;0;0;0;3;0;0;0
"07/10/2024";"07:58:23";"192";"Sem vítima";"0,002";"BR-277/PR";"Crescente";"Colisão lateral no mesmo sentido";1;0;1;0;0;0;0;0;0;0;2;0;0;0;0
"07/10/2024";"09:26:51";"209";"Com vítima";"2,774";"408/PR";"Decrescente";"Choque";1;0;0;0;0;0;0;0;0;0;0;2;0;0;0
"07/10/2024";"11:22:01";"231";"Sem vítima";"275,798";"151/PR";"Crescente";"Choque";0;0;1;0;0;0;0;0;0;0;2;0;0;0;0
"07/10/2024";"03:49:43";"264";"Sem vítima";"12,380";"BR-277/PR";"Decrescente";"Choque";1;0;0;0;0;0;0;0;0;0;1;0;0;0;0
"07/10/2024";"06:42:30";"294";"Com vítima";"297,770";"151/PR";"Crescente";"Tombamento";0;0;1;0;0;0;0;0;0;0;0;1;0;0;0
"08/10/2024";"08:07:16";"185";"Sem vítima";"9,141";"BR-277/PR";"Decrescente";"Colisão lateral no mesmo sentido";1;0;0;1;0;0;0;0;0;0;3;0;0;0;0
"08/10/2024";"04:17:55";"275";"Com vítima";"1,582";"BR-277/PR";"Decrescente";"Colisão traseira";1;0;1;0;0;0;0;0;0;0;5;1;0;0;0
"08/10/2024";"04:38:05";"278";"Sem vítima";"7,862";"239/PR";"Crescente";"Colisão lateral no mesmo sentido";1;0;1;0;0;0;0;0;0;0;3;0;0;0;0
"08/10/2024";"08:37:17";"315";"Sem vítima";"253,730";"151/PR";"Decrescente";"Atropelamento de animal";0;0;1;0;0;0;0;0;0;0;1;0;0;0;0
"08/10/2024";"09:24:24";"6";"Com vítima";"276,100";"151/PR";"Decrescente";"Choque";1;0;0;0;0;0;0;0;0;0;0;1;1;0;0
"08/10/2024";"10:42:05";"14";"Sem vítima";"0,398";"BR-277/PR";"Decrescente";"Choque";1;0;0;0;0;0;0;0;0;0;1;0;0;0;0
"08/10/2024";"11:29:20";"18";"Sem vítima";"70,789";"BR-277/PR";"Decrescente";"Choque";1;0;0;0;0;0;0;0;0;0;0;0;0;0;0
"09/10/2024";"02:16:12";"27";"Com vítima";"259,920";"151/PR";"Crescente";"Tombamento";0;0;1;0;0;0;0;0;0;0;0;0;0;0;1
"09/10/2024";"08:17:50";"199";"Sem vítima";"306,065";"151/PR";"Crescente";"Choque";1;0;0;0;0;0;0;0;0;0;1;0;0;0;0
"09/10/2024";"08:56:10";"207";"Com vítima";"307,320";"151/PR";"Decrescente";"Capotamento";0;0;0;0;0;0;0;0;0;1;0;1;0;0;0
"09/10/2024";"10:09:57";"218";"Com vítima";"21,553";"BR-277/PR";"Crescente";"Saída de pista";1;0;0;0;0;0;0;0;0;0;0;1;0;0;0
"09/10/2024";"10:38:58";"227";"Sem vítima";"32,326";"BR-277/PR";"Crescente";"Saída de pista";0;0;0;0;0;0;0;0;0;1;1;0;0;0;0
"09/10/2024";"10:42:56";"230";"Sem vítima";"306,866";"151/PR";"Crescente";"Capotamento";1;0;0;0;0;0;0;0;0;0;1;0;0;0;0
"09/10/2024";"11:07:24";"237";"Sem vítima";"70,980";"BR-277/PR";"Decrescente";"Choque";1;0;0;0;0;0;0;0;0;0;2;0;0;0;0
"09/10/2024";"12:00:45";"252";"Sem vítima";"70,467";"BR-277/PR";"Crescente";"Colisão lateral no mesmo sentido";0;0;0;0;0;0;0;0;0;2;2;0;0;0;0
"09/10/2024";"12:04:11";"253";"Sem vítima";"23,578";"BR-277/PR";"Decrescente";"Saída de pista";1;0;0;0;0;0;0;0;0;0;3;0;0;0;0
"09/10/2024";"12:50:24";"263";"Sem vítima";"38,134";"BR-277/PR";"Crescente";"Capotamento";1;0;0;0;0;0;0;0;0;0;2;0;0;0;0
"09/10/2024";"12:53:22";"267";"Sem vítima";"2,100";"239/PR";"Decrescente";"Choque";1;0;0;0;0;0;0;0;0;0;1;0;0;0;0
"09/10/2024";"01:46:13";"271";"Com vítima";"307,081";"151/PR";"Crescente";"Capotamento";1;0;0;0;0;0;0;0;0;0;0;1;1;0;0
"09/10/2024";"02:25:30";"278";"Sem vítima";"287,890";"151/PR";"Decrescente";"Colisão traseira";2;0;0;0;0;0;0;0;0;0;2;0;0;0;0
"09/10/2024";"04:01:49";"287";"Sem vítima";"17,200";"BR-369/PR";"Crescente";"Choque";0;0;0;1;0;0;0;0;0;0;1;0;0;0;0
"09/10/2024";"06:46:28";"308";"Sem vítima";"36,210";"BR-277/PR";"Decrescente";"Colisão traseira";2;0;0;0;0;0;0;0;0;0;2;0;0;0;0
"09/10/2024";"09:51:02";"12";"Com vítima";"206,040";"092/PR";"Decrescente";"Tombamento";0;0;1;0;0;0;0;0;0;0;0;1;0;0;0
"10/10/2024";"02:26:59";"23";"Sem vítima";"12,500";"BR-277/PR";"Decrescente";"Saída de pista";1;0;0;0;0;0;0;0;0;0;2;0;0;0;0
"10/10/2024";"04:09:31";"60";"Com vítima";"83,910";"BR-277/PR";"Crescente";"Capotamento";1;0;0;0;0;0;0;0;0;0;0;1;0;0;0
"10/10/2024";"06:47:38";"154";"Sem vítima";"60,250";"BR-277/PR";"Crescente";"Colisão traseira";0;0;2;0;0;0;0;0;0;0;2;0;0;0;0
"10/10/2024";"09:47:52";"201";"Com vítima";"1,140";"BR-277/PR";"Decrescente";"Colisão traseira";0;0;2;0;0;0;0;0;0;0;0;2;0;0;0
"10/10/2024";"01:17:58";"245";"Sem vítima";"312,660";"151/PR";"Decrescente";"Saída de pista";1;0;0;0;0;0;0;0;0;0;1;0;0;0;0
"10/10/2024";"02:48:43";"259";"Sem vítima";"14,010";"508/PR";"Crescente";"Colisão traseira";2;0;0;0;0;0;0;0;0;0;2;0;0;0;0
"10/10/2024";"03:30:54";"265";"Com vítima";"282,100";"092/PR";"Crescente";"Queda de moto";0;0;0;1;0;0;0;0;0;0;0;0;1;0;0
"10/10/2024";"04:38:32";"278";"Sem vítima";"81,836";"BR-277/PR";"Decrescente";"Engavetamento";4;0;0;0;0;0;0;0;0;0;4;0;0;0;0
"10/10/2024";"05:07:34";"284";"Com vítima";"82,400";"BR-277/PR";"Crescente";"Queda de moto";0;0;0;1;0;0;0;0;0;0;0;2;0;0;0
"10/10/2024";"06:30:38";"291";"Sem vítima";"11,010";"BR-277/PR";"Crescente";"Capotamento";1;0;0;0;0;0;0;0;0;0;1;0;0;0;0
"10/10/2024";"09:00:24";"1";"Com vítima";"82,950";"BR-277/PR";"Decrescente";"Colisão traseira";2;0;0;0;0;0;0;0;0;0;0;2;0;0;0
"11/10/2024";"04:47:30";"100";"Com vítima";"306,897";"151/PR";"Crescente";"Choque";1;0;0;0;0;0;0;0;0;0;0;0;1;0;0
"11/10/2024";"05:05:12";"109";"Com vítima";"305,509";"151/PR";"Crescente";"Capotamento";1;0;0;0;0;0;0;0;0;0;0;1;0;0;0
"11/10/2024";"05:28:44";"117";"Sem vítima";"292,074";"151/PR";"Decrescente";"Choque";1;0;0;0;0;0;0;0;0;0;2;0;0;0;0
"11/10/2024";"07:02:28";"176";"Sem vítima";"260,590";"151/PR";"Crescente";"Colisão lateral no mesmo sentido";0;0;2;0;0;0;0;0;0;0;2;0;0;0;0
"11/10/2024";"08:54:55";"216";"Sem vítima";"40,200";"BR-369/PR";"Decrescente";"Colisão traseira";1;0;0;0;0;0;0;0;0;1;5;0;0;0;0
"11/10/2024";"10:41:45";"243";"Sem vítima";"262,950";"151/PR";"Crescente";"Saída de pista";1;0;0;0;0;0;0;0;0;0;2;0;0;0;0
"11/10/2024";"11:33:08";"252";"Sem vítima";"32,250";"BR-277/PR";"Crescente";"Saída de pista";1;0;0;0;0;0;0;0;0;0;2;0;0;0;0
"11/10/2024";"12:16:26";"258";"Sem vítima";"46,600";"BR-277/PR";"Crescente";"Colisão traseira";0;0;1;0;0;0;0;0;0;1;2;0;0;0;0
"11/10/2024";"12:49:59";"266";"Com vítima";"272,640";"092/PR";"Decrescente";"Choque";0;0;1;0;0;0;0;0;0;0;0;1;0;0;0
"11/10/2024";"12:51:48";"267";"Sem vítima";"72,730";"BR-277/PR";"Decrescente";"Choque";0;0;0;0;0;0;0;0;0;1;1;0;0;0;0
"11/10/2024";"01:34:53";"278";"Sem vítima";"305,512";"151/PR";"Crescente";"Choque";1;0;0;0;0;0;0;0;0;0;2;0;0;0;0
"11/10/2024";"02:13:17";"288";"Sem vítima";"38,200";"BR-277/PR";"Crescente";"Saída de pista";0;0;0;0;0;0;0;0;0;1;1;0;0;0;0
"11/10/2024";"02:38:15";"293";"Sem vítima";"9,900";"411/PR";"Crescente";"Choque";1;0;0;0;0;0;0;0;0;0;1;0;0;0;0
"11/10/2024";"04:06:17";"306";"Sem vítima";"209,260";"151/PR";"Decrescente";"Colisão transversal";2;0;0;0;0;0;0;0;0;0;4;0;0;0;0
"11/10/2024";"06:55:28";"353";"Com vítima";"3,180";"BR-277/PR";"Decrescente";"Capotamento";1;0;0;0;0;0;0;0;0;0;0;1;0;0;0
"11/10/2024";"07:01:59";"354";"Sem vítima";"33,600";"BR-277/PR";"Decrescente";"Colisão traseira";1;0;0;0;0;0;0;0;0;0;2;0;0;0;0
"12/10/2024";"01:50:41";"34";"Sem vítima";"279,770";"151/PR";"Crescente";"Saída de pista";1;0;0;0;0;0;0;0;0;0;2;0;0;0;0
"12/10/2024";"09:15:52";"139";"Sem vítima";"58,450";"BR-277/PR";"Decrescente";"Choque";1;0;0;0;0;0;0;0;0;0;2;0;0;0;0
"12/10/2024";"09:43:39";"148";"Com vítima";"301,600";"151/PR";"Crescente";"Choque";1;0;0;0;0;0;0;0;0;0;1;1;0;0;0
"12/10/2024";"10:00:05";"155";"Com vítima";"6,650";"BR-277/PR";"Crescente";"Queda de moto";0;0;0;1;0;0;0;0;0;0;0;1;1;0;0
"12/10/2024";"02:42:29";"206";"Com vítima";"32,100";"BR-277/PR";"Decrescente";"Choque";1;0;0;0;0;0;0;0;0;0;1;4;0;0;0
"12/10/2024";"04:15:22";"221";"Sem vítima";"323,360";"092/PR";"Crescente";"Choque";0;0;0;0;0;0;0;0;0;1;1;0;0;0;0
"12/10/2024";"05:49:36";"232";"Sem vítima";"6,300";"411/PR";"Crescente";"Queda de moto";0;0;0;1;0;0;0;0;0;0;1;0;0;0;0
"12/10/2024";"08:13:28";"247";"Com vítima";"78,852";"BR-369/PR";"Decrescente";"Atropelamento de pedestre";1;0;0;0;0;0;0;0;0;0;0;1;1;0;0
"13/10/2024";"12:28:42";"23";"Com vítima";"292,206";"151/PR";"Decrescente";"Choque";1;0;0;0;0;0;0;0;0;0;0;1;0;0;0
"13/10/2024";"01:12:08";"27";"Com vítima";"286,180";"151/PR";"Decrescente";"Colisão traseira";1;0;0;1;0;0;0;0;0;0;1;1;0;0;0
"13/10/2024";"03:08:35";"36";"Sem vítima";"278,500";"151/PR";"Decrescente";"Choque";1;0;0;0;0;0;0;0;0;0;2;0;0;0;0
"13/10/2024";"05:33:01";"71";"Com vítima";"70,640";"BR-277/PR";"Decrescente";"Queda de bicicleta";0;1;0;0;0;0;0;0;0;0;0;0;0;0;0
"13/10/2024";"06:20:16";"82";"Com vítima";"43,250";"BR-277/PR";"Decrescente";"Queda de bicicleta";0;1;0;0;0;0;0;0;0;0;0;0;0;0;0
"13/10/2024";"10:18:05";"112";"Sem vítima";"36,147";"BR-277/PR";"Decrescente";"Choque";0;0;1;0;0;0;0;0;0;0;1;0;0;0;0
"13/10/2024";"11:40:03";"124";"Com vítima";"50,980";"BR-277/PR";"Crescente";"Choque";1;0;0;0;0;0;0;0;0;0;0;3;0;0;0
"13/10/2024";"03:15:29";"162";"Com vítima";"17,220";"BR-153/PR";"Crescente";"Tombamento";1;0;1;0;0;0;0;0;0;0;0;1;1;0;0
"13/10/2024";"03:38:34";"170";"Com vítima";"10,640";"508/PR";"Decrescente";"Atropelamento de pedestre";1;0;0;0;0;0;0;0;0;0;0;4;1;0;0
"13/10/2024";"04:12:42";"174";"Com vítima";"21,012";"BR-277/PR";"Decrescente";"Capotamento";0;0;0;0;0;0;0;0;0;1;0;1;4;0;0
"13/10/2024";"06:03:46";"201";"Com vítima";"219,833";"092/PR";"Crescente";"Atropelamento de pedestre";0;0;1;0;0;0;0;0;0;0;0;2;0;0;0
"13/10/2024";"08:21:48";"221";"Sem vítima";"78,526";"BR-277/PR";"Decrescente";"Choque";1;0;0;0;0;0;0;0;0;0;0;0;0;0;0
"14/10/2024";"01:44:12";"30";"Sem vítima";"5,240";"BR-369/PR";"Decrescente";"Colisão lateral no mesmo sentido";1;0;0;0;1;0;0;0;0;0;5;0;0;0;0
"14/10/2024";"06:10:30";"152";"Sem vítima";"33,146";"BR-277/PR";"Crescente";"Choque";0;0;0;0;0;0;0;0;0;1;2;0;0;0;0
"14/10/2024";"07:30:40";"162";"Com vítima";"5,143";"BR-277/PR";"Crescente";"Queda de moto";0;0;0;1;0;0;0;0;0;0;0;1;1;0;0
"14/10/2024";"10:05:09";"188";"Com vítima";"37,534";"BR-369/PR";"Crescente";"Colisão transversal";1;0;0;1;0;0;0;0;0;0;1;1;0;0;0
"14/10/2024";"02:08:25";"236";"Sem vítima";"37,514";"BR-277/PR";"Crescente";"Choque";1;0;0;0;0;0;0;0;0;0;1;0;0;0;0
"14/10/2024";"04:25:50";"250";"Com vítima";"11,100";"239/PR";"Crescente";"Atropelamento de animal";1;0;0;0;0;0;0;0;0;0;0;1;0;0;0
"14/10/2024";"05:04:09";"258";"Sem vítima";"23,010";"BR-277/PR";"Decrescente";"Saída de pista";1;0;0;0;0;0;0;0;0;0;1;0;0;0;0
"14/10/2024";"05:35:38";"260";"Sem vítima";"300,430";"092/PR";"Crescente";"Colisão lateral no mesmo sentido";1;0;1;0;0;0;0;0;0;0;2;0;0;0;0
"14/10/2024";"06:18:59";"266";"Sem vítima";"67,180";"BR-277/PR";"Crescente";"Capotamento";1;0;0;0;0;0;0;0;0;0;1;0;0;0;0
"14/10/2024";"08:10:21";"278";"Sem vítima";"69,110";"BR-277/PR";"Decrescente";"Saída de pista";1;0;0;0;0;0;0;0;0;0;1;0;0;0;0
"14/10/2024";"08:28:27";"282";"Sem vítima";"6,010";"BR-277/PR";"Crescente";"Saída de pista";1;0;0;0;0;0;0;0;0;0;1;0;0;0;0
"14/10/2024";"11:51:45";"23";"Sem vítima";"301,560";"151/PR";"Decrescente";"Saída de pista";1;0;0;0;0;0;0;0;0;0;2;0;0;0;0
"15/10/2024";"04:25:30";"56";"Com vítima";"86,486";"BR-369/PR";"Crescente";"Colisão frontal";1;0;0;1;0;0;0;0;0;0;0;2;0;0;0