data;horario;n_da_ocorrencia;tipo_de_ocorrencia;km;trecho;sentido;tipo_de_acidente;automovel;bicicleta;caminhao;moto;onibus;outros;tracao_animal;transporte_de_cargas_especiais;trator_maquinas;utilitarios;ilesos;levemente_feridos;moderadamente_feridos;gravemente_feridos;mortos
"15/10/2024";"04:38:55";"67";"Com vítima";"45,600";"BR-277/PR";"Decrescente";"Colisão traseira";0;0;1;1;0;0;0;0;0;0;1;1;0;0;0
"15/10/2024";"10:13:51";"229";"Sem vítima";"45,979";"BR-277/PR";"Decrescente";"Choque";0;0;1;0;0;0;0;0;0;0;1;0;0;0;0
"15/10/2024";"10:35:02";"233";"Sem vítima";"5,808";"239/PR";"Decrescente";"Capotamento";1;0;0;0;0;0;0;0;0;0;1;0;0;0;0
"15/10/2024";"11:05:55";"239";"Sem vítima";"76,179";"BR-277/PR";"Crescente";"Colisão traseira";2;0;0;0;0;0;0;0;0;0;2;0;0;0;0
"15/10/2024";"01:08:13";"271";"Com vítima";"37,507";"BR-369/PR";"Decrescente";"Colisão traseira";0;0;1;1;0;0;0;0;0;0;1;1;0;0;0
"16/10/2024";"05:08:19";"118";"Com vítima";"78,539";"BR-277/PR";"Decrescente";"Colisão traseira";1;0;0;1;0;0;0;0;0;0;1;0;1;0;0
"16/10/2024";"05:26:59";"123";"Com vítima";"14,381";"BR-153/PR";"Crescente";"Colisão traseira";1;0;1;0;0;0;0;0;0;1;0;1;1;0;0
"16/10/2024";"08:13:23";"197";"Com vítima";"185,117";"151/PR";"Decrescente";"Colisão lateral no mesmo sentido";1;0;1;0;0;0;0;0;0;0;1;4;0;0;0
"16/10/2024";"09:30:36";"217";"Com vítima";"79,135";"BR-277/PR";"Decrescente";"Capotamento";1;0;0;0;0;0;0;0;0;0;0;1;0;0;0
"16/10/2024";"12:21:37";"254";"Com vítima";"0,549";"407/PR";"Decrescente";"Queda de moto";0;0;0;1;0;0;0;0;0;0;0;2;0;0;0
"16/10/2024";"12:51:44";"262";"Com vítima";"271,700";"151/PR";"Decrescente";"Choque";1;0;0;0;0;0;0;0;0;0;1;1;0;0;0
"16/10/2024";"02:32:14";"287";"Com vítima";"1,500";"407/PR";"Decrescente";"Engavetamento";3;0;0;0;0;0;0;0;0;0;3;0;1;0;0
"17/10/2024";"06:25:49";"164";"Com vítima";"269,510";"151/PR";"Crescente";"Colisão lateral no mesmo sentido";1;0;1;0;0;0;0;0;0;0;0;6;0;0;0
"17/10/2024";"09:59:52";"235";"Sem vítima";"43,518";"BR-277/PR";"Crescente";"Colisão traseira";0;0;2;0;0;0;0;0;0;0;2;0;0;0;0
"17/10/2024";"01:52:37";"279";"Sem vítima";"24,436";"BR-153/PR";"Crescente";"Colisão transversal";1;0;1;0;0;0;0;0;0;0;5;0;0;0;0
"17/10/2024";"05:00:20";"313";"Com vítima";"32,094";"BR-369/PR";"Crescente";"Choque";1;0;0;0;0;0;0;0;0;0;0;0;0;0;2
"17/10/2024";"08:29:11";"349";"Com vítima";"25,950";"BR-277/PR";"Decrescente";"Capotamento";1;0;0;0;0;0;0;0;0;0;0;2;0;0;0
"18/10/2024";"12:09:38";"24";"Com vítima";"278,040";"151/PR";"Crescente";"Colisão traseira";0;0;2;0;0;0;0;0;0;0;0;2;0;0;0
"18/10/2024";"04:45:33";"105";"Sem vítima";"79,877";"BR-277/PR";"Crescente";"Colisão traseira";1;0;0;1;0;0;0;0;0;0;2;0;0;0;0
"18/10/2024";"04:50:37";"108";"Com vítima";"85,551";"BR-369/PR";"Crescente";"Colisão transversal";1;0;1;0;0;0;0;0;0;0;1;2;0;0;0
"18/10/2024";"06:55:38";"176";"Com vítima";"62,409";"BR-277/PR";"Crescente";"Choque";1;0;0;0;0;0;0;0;0;0;0;1;0;0;0
"18/10/2024";"09:06:58";"207";"Com vítima";"7,053";"BR-277/PR";"Decrescente";"Colisão transversal";1;0;0;1;0;0;0;0;0;0;0;2;0;0;0
"18/10/2024";"12:51:02";"260";"Sem vítima";"13,163";"BR-277/PR";"Decrescente";"Choque";0;0;1;0;0;0;0;0;0;0;1;0;0;0;0
"18/10/2024";"01:54:52";"273";"Com vítima";"3,243";"508/PR";"Decrescente";"Queda de moto";0;0;0;1;0;0;0;0;0;0;0;1;0;0;0
"18/10/2024";"01:59:08";"275";"Com vítima";"78,040";"BR-277/PR";"Decrescente";"Colisão lateral no mesmo sentido";1;0;0;1;0;0;0;0;0;0;2;1;0;0;0
"18/10/2024";"02:20:18";"283";"Com vítima";"1,189";"408/PR";"Crescente";"Queda de moto";0;0;0;1;0;0;0;0;0;0;0;0;0;1;0
"18/10/2024";"06:14:39";"319";"Com vítima";"195,900";"151/PR";"Crescente";"Choque";0;0;1;0;0;0;0;0;0;0;0;0;0;1;0
"18/10/2024";"09:26:19";"8";"Sem vítima";"40,900";"BR-369/PR";"Decrescente";"Saída de pista";1;0;0;0;0;0;0;0;0;0;2;0;0;0;0
"18/10/2024";"09:31:14";"10";"Sem vítima";"62,113";"BR-277/PR";"Decrescente";"Tombamento";0;0;0;0;1;0;0;0;0;0;14;0;0;0;0
"18/10/2024";"09:34:17";"12";"Com vítima";"47,490";"BR-153/PR";"Decrescente";"Saída de pista";1;0;0;0;0;0;0;0;0;0;0;2;0;0;0
"19/10/2024";"03:52:16";"34";"Com vítima";"307,533";"151/PR";"Crescente";"Choque";0;0;0;0;0;0;0;0;0;1;0;4;0;0;0
"19/10/2024";"04:06:21";"37";"Sem vítima";"301,820";"151/PR";"Decrescente";"Choque";0;0;0;0;0;1;0;0;0;1;3;0;0;0;0
"19/10/2024";"06:18:30";"66";"Sem vítima";"33,213";"BR-277/PR";"Crescente";"Tombamento";0;0;0;0;0;0;0;0;0;1;1;0;0;0;0
"19/10/2024";"09:05:01";"98";"Sem vítima";"32,562";"BR-277/PR";"Crescente";"Saída de pista";0;0;0;0;0;0;0;0;0;1;2;0;0;0;0
"19/10/2024";"09:06:38";"99";"Sem vítima";"32,562";"BR-277/PR";"Crescente";"Capotamento";0;0;0;0;0;0;0;0;0;1;2;0;0;0;0
"19/10/2024";"11:38:15";"125";"Com vítima";"197,120";"151/PR";"Crescente";"Colisão frontal";1;0;0;0;0;0;0;0;0;1;1;0;1;1;0
"19/10/2024";"12:57:35";"139";"Sem vítima";"31,675";"BR-277/PR";"Decrescente";"Saída de pista";0;0;0;0;0;0;0;0;0;1;2;0;0;0;0
"19/10/2024";"01:12:30";"140";"Com vítima";"36,850";"BR-277/PR";"Decrescente";"Queda de moto";0;0;0;1;0;0;0;0;0;0;0;2;0;0;0
"19/10/2024";"01:23:12";"142";"Sem vítima";"38,250";"BR-277/PR";"Crescente";"Saída de pista";0;0;0;0;0;0;0;0;0;1;2;0;0;0;0
"19/10/2024";"02:24:48";"151";"Sem vítima";"40,131";"BR-277/PR";"Decrescente";"Choque";1;0;0;0;0;0;0;0;0;0;2;0;0;0;0
"19/10/2024";"04:03:36";"162";"Sem vítima";"34,123";"BR-153/PR";"Crescente";"Choque";1;0;0;0;0;0;0;0;0;0;1;0;0;0;0
"19/10/2024";"04:24:59";"163";"Sem vítima";"291,100";"151/PR";"Decrescente";"Choque";2;0;0;0;0;0;0;0;0;0;8;0;0;0;0
"19/10/2024";"08:58:02";"179";"Com vítima";"73,618";"BR-369/PR";"Crescente";"Colisão lateral no mesmo sentido";1;0;0;0;1;0;0;0;0;0;42;2;0;0;0
"20/10/2024";"01:25:56";"17";"Sem vítima";"75,042";"BR-277/PR";"Decrescente";"Choque";1;0;0;0;0;0;0;0;0;0;2;0;0;0;0
"20/10/2024";"02:13:30";"19";"Com vítima";"75,042";"BR-277/PR";"Decrescente";"Engavetamento";1;0;0;0;0;0;0;0;0;2;4;3;0;0;0
"20/10/2024";"03:01:12";"21";"Sem vítima";"36,287";"BR-277/PR";"Decrescente";"Choque";1;0;0;0;0;0;0;0;0;0;8;0;0;0;0
"20/10/2024";"03:52:47";"33";"Sem vítima";"70,955";"BR-277/PR";"Crescente";"Choque";1;0;0;0;0;0;0;0;0;0;1;0;0;0;0
"20/10/2024";"01:51:19";"153";"Sem vítima";"60,250";"BR-277/PR";"Crescente";"Colisão traseira";2;0;0;0;0;0;0;0;0;0;1;0;0;0;0
"20/10/2024";"04:00:01";"168";"Com vítima";"214,100";"151/PR";"Decrescente";"Colisão lateral no mesmo sentido";1;0;0;1;0;0;0;0;0;0;3;1;0;0;0
"20/10/2024";"05:46:21";"182";"Sem vítima";"6,010";"508/PR";"Decrescente";"Choque";1;0;0;0;0;0;0;0;0;0;2;0;0;0;0
"20/10/2024";"08:33:25";"204";"Sem vítima";"33,100";"BR-277/PR";"Decrescente";"Choque";0;0;0;0;0;0;0;0;0;1;2;0;0;0;0
"20/10/2024";"08:46:24";"205";"Sem vítima";"37,255";"BR-277/PR";"Crescente";"Tombamento";0;0;1;0;0;0;0;0;0;0;1;0;0;0;0
"21/10/2024";"03:40:12";"57";"Sem vítima";"68,188";"BR-277/PR";"Crescente";"Choque";1;0;0;0;0;0;0;0;0;0;1;0;0;0;0
"21/10/2024";"04:59:05";"128";"Com vítima";"76,674";"BR-277/PR";"Crescente";"Colisão lateral no mesmo sentido";0;0;0;1;0;0;0;0;0;1;3;0;1;0;0
"21/10/2024";"05:38:20";"154";"Sem vítima";"32,347";"BR-277/PR";"Crescente";"Saída de pista";1;0;0;0;0;0;0;0;0;0;2;0;0;0;0
"21/10/2024";"08:43:35";"201";"Com vítima";"39,969";"BR-277/PR";"Crescente";"Choque";1;0;0;0;0;0;0;0;0;0;0;4;0;0;0
"21/10/2024";"10:55:14";"228";"Sem vítima";"273,120";"151/PR";"Decrescente";"Saída de pista";0;0;0;0;0;0;0;0;0;1;1;0;0;0;0
"21/10/2024";"11:30:57";"237";"Sem vítima";"5,487";"BR-277/PR";"Decrescente";"Colisão traseira";1;0;0;0;0;0;0;0;0;0;3;0;0;0;0
"21/10/2024";"12:07:47";"242";"Sem vítima";"37,838";"BR-277/PR";"Crescente";"Choque";1;0;0;0;0;0;0;0;0;0;1;0;0;0;0
"21/10/2024";"01:39:21";"261";"Com vítima";"83,100";"BR-277/PR";"Decrescente";"Colisão traseira";2;0;0;0;0;0;0;0;0;0;0;2;0;0;0
"21/10/2024";"02:08:07";"267";"Sem vítima";"279,800";"092/PR";"Crescente";"Atropelamento de animal";1;0;0;0;0;0;0;0;0;0;1;0;0;0;0
"21/10/2024";"02:33:40";"273";"Com vítima";"83,535";"BR-277/PR";"Decrescente";"Colisão lateral no mesmo sentido";1;0;0;1;0;0;0;0;0;0;0;2;1;0;0
"21/10/2024";"04:16:32";"288";"Com vítima";"25,300";"508/PR";"Crescente";"Saída de pista";1;0;0;0;0;0;0;0;0;0;0;1;0;0;0
"22/10/2024";"04:44:54";"126";"Com vítima";"77,908";"BR-277/PR";"Crescente";"Colisão traseira";1;0;0;1;0;0;0;0;0;0;1;1;0;0;0
"22/10/2024";"09:33:01";"244";"Com vítima";"305,433";"151/PR";"Crescente";"Choque";1;0;0;0;0;0;0;0;0;0;0;1;0;0;0
"22/10/2024";"12:29:43";"271";"Com vítima";"50,947";"BR-277/PR";"Decrescente";"Colisão traseira";0;0;2;0;0;0;0;0;0;0;1;1;0;0;0
"22/10/2024";"01:13:36";"278";"Sem vítima";"15,489";"408/PR";"Decrescente";"Colisão traseira";0;0;2;0;0;0;0;0;0;0;2;0;0;0;0
"22/10/2024";"03:49:44";"303";"Com vítima";"80,602";"BR-277/PR";"Decrescente";"Colisão lateral no mesmo sentido";1;0;0;1;0;0;0;0;0;0;1;0;1;0;0
"23/10/2024";"03:22:55";"42";"Sem vítima";"0,162";"407/PR";"Decrescente";"Choque";1;0;0;0;0;0;0;0;0;0;2;0;0;0;0
"23/10/2024";"05:52:17";"151";"Com vítima";"301,194";"151/PR";"Crescente";"Queda de moto";0;0;0;1;0;0;0;0;0;0;0;1;1;0;0
"23/10/2024";"06:54:08";"191";"Com vítima";"17,281";"BR-277/PR";"Decrescente";"Capotamento";0;0;0;0;0;0;0;0;0;1;0;2;0;0;0
"23/10/2024";"02:58:29";"284";"Sem vítima";"33,010";"BR-277/PR";"Crescente";"Choque";1;0;0;0;0;0;0;0;0;0;2;0;0;0;0
"23/10/2024";"04:00:17";"289";"Com vítima";"306,950";"151/PR";"Crescente";"Choque";1;0;0;0;0;0;0;0;0;0;0;1;0;0;0
"23/10/2024";"04:07:16";"292";"Sem vítima";"5,550";"BR-277/PR";"Crescente";"Engavetamento";1;0;1;0;0;0;0;0;0;0;2;0;0;0;0
"23/10/2024";"05:06:27";"298";"Sem vítima";"15,200";"508/PR";"Crescente";"Saída de pista";1;0;0;0;0;0;0;0;0;0;2;0;0;0;0
"24/10/2024";"02:56:25";"31";"Sem vítima";"43,879";"BR-277/PR";"Crescente";"Choque";0;0;1;0;0;0;0;0;0;0;1;0;0;0;0
"24/10/2024";"03:45:48";"55";"Com vítima";"14,951";"508/PR";"Decrescente";"Queda de bicicleta";0;1;0;0;0;0;0;0;0;0;0;0;0;0;0
"24/10/2024";"04:41:00";"105";"Com vítima";"78,200";"BR-277/PR";"Crescente";"Colisão traseira";0;1;0;0;0;0;0;0;0;0;0;1;0;0;0
"24/10/2024";"04:50:20";"113";"Com vítima";"19,367";"BR-277/PR";"Crescente";"Colisão lateral no mesmo sentido";0;0;1;0;0;0;0;0;0;1;1;0;1;0;0
"24/10/2024";"04:05:45";"303";"Com vítima";"20,316";"BR-277/PR";"Decrescente";"Tombamento";0;0;1;0;0;0;0;0;0;0;0;1;0;0;0
"25/10/2024";"12:56:28";"21";"Sem vítima";"316,500";"151/PR";"Decrescente";"Saída de pista";1;0;0;0;0;0;0;0;0;0;1;0;0;0;0
"25/10/2024";"01:13:22";"23";"Sem vítima";"206,330";"092/PR";"Decrescente";"Saída de pista";0;0;0;0;0;0;0;0;0;1;1;0;0;0;0
"25/10/2024";"01:33:24";"24";"Sem vítima";"76,787";"BR-277/PR";"Crescente";"Colisão transversal";1;0;1;0;0;0;0;0;0;0;2;0;0;0;0
"25/10/2024";"05:34:16";"146";"Com vítima";"60,250";"BR-277/PR";"Decrescente";"Queda de moto";0;0;0;1;0;0;0;0;0;0;0;2;0;0;0
"25/10/2024";"10:58:27";"266";"Sem vítima";"67,757";"BR-277/PR";"Crescente";"Colisão traseira";0;0;2;0;0;0;0;0;0;0;2;0;0;0;0
"25/10/2024";"12:40:46";"288";"Sem vítima";"19,491";"BR-153/PR";"Crescente";"Choque";1;0;0;0;0;0;0;0;0;0;1;0;0;0;0
"25/10/2024";"02:09:48";"314";"Com vítima";"32,204";"BR-277/PR";"Crescente";"Choque";0;0;1;0;0;0;0;0;0;0;0;1;0;0;0
"25/10/2024";"07:10:14";"362";"Com vítima";"3,411";"BR-277/PR";"Decrescente";"Choque";0;0;0;1;0;0;0;0;0;0;0;0;1;0;0
"25/10/2024";"08:15:12";"372";"Com vítima";"72,415";"BR-277/PR";"Decrescente";"Choque";0;0;0;0;0;0;0;0;0;1;0;1;0;0;0
"25/10/2024";"09:59:40";"13";"Sem vítima";"27,020";"508/PR";"Crescente";"Colisão lateral no mesmo sentido";2;0;0;0;0;0;0;0;0;0;6;0;0;0;0
"25/10/2024";"10:20:56";"14";"Sem vítima";"60,250";"BR-277/PR";"Crescente";"Choque";0;0;1;0;0;0;0;0;0;0;1;0;0;0;0
"26/10/2024";"05:18:08";"87";"Sem vítima";"7,800";"BR-277/PR";"Decrescente";"Choque";0;0;0;0;0;0;0;0;0;1;1;0;0;0;0
"26/10/2024";"10:11:34";"184";"Sem vítima";"216,320";"151/PR";"Decrescente";"Choque";0;0;1;0;0;0;0;0;0;0;1;0;0;0;0
"26/10/2024";"03:20:04";"249";"Com vítima";"3,024";"407/PR";"Crescente";"Colisão traseira";1;0;0;1;0;0;0;0;0;0;0;2;1;0;0
"26/10/2024";"04:00:00";"255";"Sem vítima";"36,800";"BR-277/PR";"Decrescente";"Saída de pista";1;0;0;0;0;0;0;0;0;0;4;0;0;0;0
"26/10/2024";"04:03:03";"256";"Com vítima";"2,200";"BR-153/PR";"Decrescente";"Colisão traseira";1;0;0;1;0;0;0;0;0;0;1;0;1;0;0
"26/10/2024";"05:17:08";"267";"Sem vítima";"36,800";"BR-277/PR";"Decrescente";"Saída de pista";1;0;0;0;0;0;0;0;0;0;2;0;0;0;0
"26/10/2024";"05:36:19";"271";"Sem vítima";"256,975";"092/PR";"Crescente";"Tombamento";0;0;1;0;0;0;0;0;0;0;1;0;0;0;0
"26/10/2024";"07:06:39";"288";"Sem vítima";"29,050";"BR-153/PR";"Decrescente";"Choque";0;0;0;0;0;0;0;0;0;1;2;0;0;0;0
"26/10/2024";"07:30:17";"291";"Com vítima";"44,520";"BR-369/PR";"Crescente";"Colisão lateral no mesmo sentido";2;0;0;0;0;0;0;0;0;0;0;1;0;0;0
"26/10/2024";"10:00:13";"11";"Sem vítima";"294,185";"151/PR";"Decrescente";"Choque";1;0;0;0;0;0;0;0;0;0;2;0;0;0;0
"26/10/2024";"10:18:15";"14";"Com vítima";"6,102";"BR-277/PR";"Decrescente";"Colisão traseira";0;0;1;0;0;0;0;0;0;1;0;4;0;0;0
"27/10/2024";"02:42:28";"25";"Sem vítima";"201,300";"092/PR";"Crescente";"Colisão lateral no mesmo sentido";0;0;1;0;0;0;0;0;0;1;1;0;0;0;0
"27/10/2024";"07:59:48";"101";"Sem vítima";"38,023";"BR-277/PR";"Crescente";"Choque";1;0;0;0;0;0;0;0;0;0;3;0;0;0;0
"27/10/2024";"09:53:44";"122";"Com vítima";"258,050";"092/PR";"Decrescente";"Colisão traseira";0;0;1;1;0;0;0;0;0;0;1;0;0;1;0
"27/10/2024";"01:56:04";"173";"Com vítima";"301,740";"151/PR";"Decrescente";"Capotamento";0;0;0;0;0;0;0;0;0;1;0;0;1;0;0
"27/10/2024";"02:09:00";"178";"Sem vítima";"40,484";"BR-277/PR";"Crescente";"Saída de pista";1;0;0;0;0;0;0;0;0;0;4;0;0;0;0
"27/10/2024";"04:33:59";"207";"Com vítima";"23,750";"508/PR";"Crescente";"Capotamento";1;0;0;0;0;0;0;0;0;0;0;1;2;0;0
"27/10/2024";"07:49:08";"235";"Sem vítima";"311,260";"151/PR";"Decrescente";"Capotamento";1;0;0;0;0;0;0;0;0;0;1;0;0;0;0
"27/10/2024";"11:04:37";"13";"Sem vítima";"281,200";"151/PR";"Crescente";"Saída de pista";1;0;0;0;0;0;0;0;0;0;1;0;0;0;0
"28/10/2024";"01:51:30";"20";"Com vítima";"22,434";"BR-153/PR";"Decrescente";"Colisão frontal";0;0;0;0;0;0;0;0;0;2;0;0;1;0;1
"28/10/2024";"05:11:33";"139";"Com vítima";"185,718";"151/PR";"Crescente";"Capotamento";0;0;0;0;0;0;0;0;0;1;0;2;0;0;0
"28/10/2024";"05:50:28";"156";"Sem vítima";"3,456";"BR-277/PR";"Decrescente";"Colisão traseira";1;0;1;0;0;0;0;0;0;0;3;0;0;0;0
"28/10/2024";"06:05:25";"165";"Sem vítima";"313,780";"151/PR";"Decrescente";"Choque";1;0;0;0;0;0;0;0;0;0;1;0;0;0;0
"28/10/2024";"08:28:20";"202";"Sem vítima";"231,106";"151/PR";"Crescente";"Colisão lateral no mesmo sentido";1;0;1;0;0;0;0;0;0;0;2;0;0;0;0
"28/10/2024";"10:19:06";"222";"Sem vítima";"37,475";"BR-277/PR";"Crescente";"Colisão lateral no mesmo sentido";1;0;1;0;0;0;0;0;0;0;3;0;0;0;0
"28/10/2024";"01:48:18";"266";"Com vítima";"36,485";"BR-369/PR";"Crescente";"Colisão lateral no mesmo sentido";1;0;0;1;0;0;0;0;0;0;1;1;0;0;0
"28/10/2024";"02:50:06";"279";"Sem vítima";"63,844";"BR-277/PR";"Decrescente";"Tombamento";0;0;1;0;0;0;0;0;0;0;1;0;0;0;0
"28/10/2024";"03:25:00";"283";"Sem vítima";"6,800";"BR-277/PR";"Decrescente";"Colisão lateral no mesmo sentido";1;0;0;0;0;0;0;0;0;1;14;0;0;0;0
"28/10/2024";"06:40:07";"298";"Com vítima";"2,010";"BR-277/PR";"Crescente";"Colisão lateral no mesmo sentido";1;0;0;0;0;0;0;0;0;0;3;1;0;0;0
"29/10/2024";"12:30:27";"30";"Com vítima";"312,900";"151/PR";"Decrescente";"Colisão traseira";0;0;0;1;0;0;0;0;0;0;0;1;0;1;0
"29/10/2024";"04:26:35";"94";"Sem vítima";"310,967";"151/PR";"Decrescente";"Choque";1;0;0;0;0;0;0;0;0;0;1;0;0;0;0
"29/10/2024";"05:05:58";"109";"Sem vítima";"216,220";"151/PR";"Decrescente";"Colisão lateral no mesmo sentido";0;0;2;0;0;0;0;0;0;0;3;0;0;0;0
"29/10/2024";"09:10:53";"247";"Com vítima";"28,788";"BR-369/PR";"Crescente";"Queda de moto";0;0;0;1;0;0;0;0;0;0;0;0;2;0;0
"29/10/2024";"09:40:54";"255";"Sem vítima";"206,120";"092/PR";"Decrescente";"Saída de pista";0;0;1;0;0;0;0;0;0;0;1;0;0;0;0
"29/10/2024";"10:54:47";"267";"Com vítima";"62,949";"BR-369/PR";"Crescente";"Choque";0;0;0;0;0;0;0;0;0;1;1;1;0;0;0
"29/10/2024";"12:53:20";"292";"Sem vítima";"223,200";"151/PR";"Crescente";"Colisão traseira";1;0;1;0;0;0;0;0;0;0;5;0;0;0;0
"29/10/2024";"02:40:23";"307";"Com vítima";"75,944";"BR-277/PR";"Decrescente";"Queda de moto";0;0;0;1;0;0;0;0;0;0;0;1;0;0;0
"29/10/2024";"02:49:37";"310";"Com vítima";"36,800";"BR-277/PR";"Decrescente";"Saída de pista";0;0;1;0;0;0;0;0;0;0;0;1;0;0;0
"29/10/2024";"04:19:31";"322";"Com vítima";"3,300";"BR-277/PR";"Crescente";"Colisão lateral no mesmo sentido";0;0;1;1;0;0;0;0;0;0;1;1;0;0;0
"30/10/2024";"02:15:13";"35";"Sem vítima";"73,100";"BR-277/PR";"Crescente";"Saída de pista";1;0;0;0;0;0;0;0;0;0;1;0;0;0;0
"30/10/2024";"04:28:59";"110";"Sem vítima";"25,023";"BR-153/PR";"Decrescente";"Colisão traseira";0;0;2;0;0;0;0;0;0;0;2;0;0;0;0
"30/10/2024";"07:36:05";"232";"Com vítima";"255,601";"092/PR";"Crescente";"Colisão transversal";1;0;1;0;0;0;0;0;0;0;1;3;0;0;0
"30/10/2024";"12:19:43";"283";"Com vítima";"19,065";"BR-277/PR";"Decrescente";"Choque";1;0;0;0;0;0;0;0;0;0;0;1;1;0;0
"30/10/2024";"01:04:45";"290";"Com vítima";"77,500";"BR-277/PR";"Decrescente";"Engavetamento";1;0;0;1;0;0;0;0;0;1;2;1;0;0;0
"30/10/2024";"03:59:06";"313";"Sem vítima";"42,100";"BR-277/PR";"Crescente";"Colisão lateral no mesmo sentido";1;0;0;0;0;0;0;0;0;0;2;0;0;0;0
"30/10/2024";"08:00:09";"345";"Sem vítima";"5,854";"BR-277/PR";"Decrescente";"Choque";1;0;0;0;0;0;0;0;0;0;1;0;0;0;0
"30/10/2024";"09:02:55";"2";"Sem vítima";"25,050";"BR-277/PR";"Crescente";"Choque";1;0;0;0;0;0;0;0;0;0;2;0;0;0;0
"30/10/2024";"09:24:00";"12";"Sem vítima";"67,519";"BR-277/PR";"Decrescente";"Saída de pista";1;0;0;0;0;0;0;0;0;0;2;0;0;0;0
"31/10/2024";"01:11:49";"25";"Sem vítima";"17,400";"407/PR";"Decrescente";"Capotamento";1;0;0;0;0;0;0;0;0;0;0;0;0;0;0
"31/10/2024";"04:11:05";"101";"Sem vítima";"32,440";"BR-277/PR";"Crescente";"Saída de pista";0;0;0;0;0;0;0;0;0;1;1;0;0;0;0
"31/10/2024";"04:17:46";"110";"Sem vítima";"32,450";"BR-277/PR";"Crescente";"Choque";1;0;0;0;0;0;0;0;0;0;1;0;0;0;0
"31/10/2024";"06:11:24";"193";"Sem vítima";"210,980";"151/PR";"Crescente";"Colisão lateral no mesmo sentido";0;0;1;0;0;0;0;0;0;1;2;0;0;0;0
"31/10/2024";"06:51:58";"212";"Sem vítima";"36,500";"BR-277/PR";"Crescente";"Choque";0;0;0;0;0;0;0;0;0;1;2;0;0;0;0
"31/10/2024";"08:03:06";"228";"Sem vítima";"217,380";"151/PR";"Decrescente";"Colisão traseira";0;0;2;0;0;0;0;0;0;0;2;0;0;0;0
"31/10/2024";"08:36:06";"237";"Com vítima";"32,466";"BR-277/PR";"Crescente";"Saída de pista";0;0;0;0;0;0;0;0;0;1;0;1;0;0;0
"31/10/2024";"08:55:19";"359";"Com vítima";"0,580";"407/PR";"Crescente";"Atropelamento de pedestre";1;0;0;0;0;0;0;0;0;0;0;0;1;0;0
"01/11/2024";"04:42:03";"78";"Com vítima";"259,882";"151/PR";"Crescente";"Tombamento";0;0;1;0;0;0;0;0;0;0;0;0;0;1;0
"01/11/2024";"10:48:34";"240";"Com vítima";"15,450";"408/PR";"Crescente";"Saída de pista";1;0;0;0;0;0;0;0;0;0;0;1;0;0;0
"01/11/2024";"03:42:44";"291";"Com vítima";"2,010";"BR-277/PR";"Decrescente";"Queda de moto";0;0;0;1;0;0;0;0;0;0;1;1;0;0;0
"01/11/2024";"06:54:18";"321";"Com vítima";"254,800";"092/PR";"Crescente";"Choque";1;0;0;0;0;0;0;0;0;0;0;0;1;0;0
"01/11/2024";"08:29:52";"330";"Sem vítima";"2,800";"BR-277/PR";"Decrescente";"Colisão transversal";2;0;0;0;0;0;0;0;0;0;2;0;0;0;0
"01/11/2024";"11:48:33";"22";"Sem vítima";"79,800";"BR-277/PR";"Crescente";"Colisão traseira";2;0;0;0;0;0;0;0;0;0;3;0;0;0;0
"02/11/2024";"02:54:11";"26";"Sem vítima";"33,933";"BR-277/PR";"Crescente";"Choque";0;0;0;0;0;0;0;0;0;1;1;0;0;0;0
"02/11/2024";"08:03:11";"100";"Com vítima";"206,303";"092/PR";"Decrescente";"Colisão lateral no mesmo sentido";0;1;1;0;0;0;0;0;0;0;2;0;0;0;0
"02/11/2024";"08:49:11";"109";"Sem vítima";"306,948";"151/PR";"Crescente";"Choque";1;0;0;0;0;0;0;0;0;0;2;0;0;0;0
"02/11/2024";"08:50:53";"111";"Sem vítima";"72,483";"BR-277/PR";"Crescente";"Choque";0;0;0;0;0;1;0;0;0;1;1;0;0;0;0
"02/11/2024";"09:03:46";"117";"Com vítima";"221,205";"092/PR";"Decrescente";"Saída de pista";1;0;0;0;0;0;0;0;0;0;0;2;0;0;0
"02/11/2024";"11:39:33";"141";"Sem vítima";"308,794";"151/PR";"Crescente";"Capotamento";0;0;0;0;0;0;0;0;0;1;1;0;0;0;0
"02/11/2024";"12:12:26";"144";"Com vítima";"307,120";"151/PR";"Crescente";"Colisão lateral no mesmo sentido";1;0;0;0;0;0;0;0;0;1;1;1;0;0;0
"02/11/2024";"12:20:03";"147";"Com vítima";"80,319";"BR-277/PR";"Crescente";"Queda de moto";0;0;0;1;0;0;0;0;0;0;0;0;1;0;0
"02/11/2024";"12:28:55";"151";"Com vítima";"305,450";"151/PR";"Crescente";"Choque";1;0;0;0;0;0;0;0;0;0;1;1;0;0;0